bank_id,bank,date,npl_ratio,npl_pred,error
588,M&T Bank,2005-09-30,0.7197139261145779,0.8510893405430386,0.1313754144284608
588,M&T Bank,2005-12-31,0.6814638063740031,0.8421536458423422,0.16068983946833915
588,M&T Bank,2006-03-31,0.5883642755080738,0.8167568359861077,0.2283925604780339
588,M&T Bank,2006-06-30,0.5881332920804596,0.7339557508478822,0.1458224587674226
588,M&T Bank,2006-09-30,0.6616095623000963,0.7314397774835388,0.06983021518344257
588,M&T Bank,2006-12-31,0.7570667700729169,0.8241147824406667,0.06704801236774982
588,M&T Bank,2007-03-31,0.8798690177163282,0.898392391040582,0.0185233733242538
588,M&T Bank,2007-06-30,0.9694548075366649,0.9879204738130392,0.01846566627637425
588,M&T Bank,2007-09-30,1.127184205423248,1.1091517010215184,-0.018032504401729543
588,M&T Bank,2007-12-31,1.077396111091444,1.2666642100865202,0.18926809899507613
588,M&T Bank,2008-03-31,1.1519194526917917,1.2089892896960688,0.057069837004277035
588,M&T Bank,2008-06-30,1.371206567544144,1.26966517074063,-0.10154139680351415
588,M&T Bank,2008-09-30,1.6478982512175377,1.5582489502539452,-0.08964930096359258
588,M&T Bank,2008-12-31,1.9091649101861237,1.8444508377321505,-0.0647140724539732
588,M&T Bank,2009-03-31,2.422300386541484,2.163626488097551,-0.25867389844393296
588,M&T Bank,2009-06-30,2.47383156751083,2.695331001322126,0.2214994338112959
588,M&T Bank,2009-09-30,2.7824548701260667,2.7245277680768205,-0.057927102049246226
588,M&T Bank,2009-12-31,3.050716290747902,3.0086414352160227,-0.04207485553187951
588,M&T Bank,2010-03-31,3.087943978335912,3.22152678781405,0.13358280947813794
588,M&T Bank,2010-06-30,2.5979239441326145,3.2269868327965283,0.6290628886639138
588,M&T Bank,2010-09-30,2.655068733283701,2.7740647818609436,0.11899604857724277
588,M&T Bank,2010-12-31,2.977498383299213,2.780082151907209,-0.19741623139200382
588,M&T Bank,2011-03-31,2.90534232358986,3.0648817741259937,0.15953945053613383
588,M&T Bank,2011-06-30,2.9668973021598837,3.0355080419392313,0.06861073977934762
588,M&T Bank,2011-09-30,3.4174051345568697,3.1008016590392393,-0.31660347551763035
588,M&T Bank,2011-12-31,3.3277425841018866,3.450749150903707,0.12300656680182032
588,M&T Bank,2012-03-31,3.111523626742428,3.350921716158428,0.23939808941599994
588,M&T Bank,2012-06-30,2.827011526617202,3.100732225184149,0.2737206985669469
588,M&T Bank,2012-09-30,2.7291604793941477,2.8262847936263062,0.0971243142321585
588,M&T Bank,2012-12-31,2.7415097192341142,2.719060109488522,-0.02244960974559218
588,M&T Bank,2013-03-31,2.7605282248600505,2.723587333991601,-0.03694089086844965
588,M&T Bank,2013-06-30,2.5901952884714077,2.7417135410104043,0.15151825253899665
588,M&T Bank,2013-09-30,2.5986642813330803,2.550326751069839,-0.04833753026324139
588,M&T Bank,2013-12-31,2.46948733967883,2.620069613901717,0.15058227422288706
588,M&T Bank,2014-03-31,2.348456597033091,2.4556127169265873,0.10715611989349627
588,M&T Bank,2014-06-30,2.2793420131180606,2.323463219742036,0.04412120662397534
588,M&T Bank,2014-09-30,2.1970803731542974,2.2823984595413016,0.08531808638700422
588,M&T Bank,2014-12-31,1.9210767505070103,2.1255972237475538,0.20452047324054345
588,M&T Bank,2015-03-31,1.7716362643625405,1.84872460194857,0.0770883375860294
588,M&T Bank,2015-06-30,1.7400926547624773,1.7108203642259392,-0.029272290536538126
588,M&T Bank,2015-09-30,1.684610648076292,1.65845606544082,-0.02615458263547188
588,M&T Bank,2015-12-31,2.063885953456001,1.6214022196336857,-0.4424837338223151
588,M&T Bank,2016-03-31,2.109544388666802,1.9739995759806996,-0.1355448126861023
588,M&T Bank,2016-06-30,1.9638154418801137,2.0148204743826024,0.05100503250248867
588,M&T Bank,2016-09-30,1.8889349111341276,1.8529724104665442,-0.03596250066758344
588,M&T Bank,2016-12-31,1.8714593567910993,1.7742227857324209,-0.09723657105867844
588,M&T Bank,2017-03-31,1.857598258740216,1.7621472414895964,-0.09545101725061955
588,M&T Bank,2017-06-30,1.7477866583465895,1.7677103340781195,0.019923675731529977
588,M&T Bank,2017-09-30,1.7176060160480482,1.65122457843231,-0.06638143761573811
588,M&T Bank,2017-12-31,1.6354757215642237,1.6053785089241397,-0.030097212640084026
588,M&T Bank,2018-03-31,1.584994135732606,1.516901408712097,-0.06809272702050895
588,M&T Bank,2018-06-30,1.4840407363198433,1.4780224889480418,-0.006018247371801566
588,M&T Bank,2018-09-30,1.5744557097756389,1.4036912383100388,-0.17076447146560003
588,M&T Bank,2018-12-31,1.4987411910815591,1.5032448107453797,0.004503619663820624
588,M&T Bank,2019-03-31,1.490824239323842,1.4457081781020595,-0.045116061221782466
588,M&T Bank,2019-06-30,1.5595198579386536,1.4135360912455979,-0.14598376669305568
588,M&T Bank,2019-09-30,1.8377887904902437,1.4356209959758324,-0.4021677945144113
588,M&T Bank,2019-12-31,1.8129314321907932,1.6649621780056667,-0.14796925418512652
588,M&T Bank,2020-03-31,1.715276754509183,1.6448532171286332,-0.07042353738054974
588,M&T Bank,2020-06-30,1.7596279147437393,2.019498800136367,0.2598708853926277
588,M&T Bank,2020-09-30,1.8268447258860596,1.895034304681106,0.06818957879504639
588,M&T Bank,2020-12-31,2.842413404794403,2.0218411188998235,-0.8205722858945794
588,M&T Bank,2021-03-31,3.113777675368985,2.4210160855951366,-0.6927615897738484
588,M&T Bank,2021-06-30,3.4741661584566215,2.9159452454096484,-0.5582209130469731
588,M&T Bank,2021-09-30,3.5496313518023896,3.2103162188233867,-0.33931513297900295
588,M&T Bank,2021-12-31,3.3057821480328022,3.2159895111293513,-0.08979263690345096
588,M&T Bank,2022-03-31,3.221742023331759,3.016609472468457,-0.20513255086330195
588,M&T Bank,2022-06-30,2.4915371627839593,2.9473020764438393,0.45576491365988003
588,M&T Bank,2022-09-30,2.3321807471920404,2.4225083171230026,0.09032756993096225
588,M&T Bank,2022-12-31,2.3164667461314483,2.2863401900712845,-0.03012655606016379
588,M&T Bank,2023-03-31,2.3331004040234364,2.3233696166545728,-0.00973078736886368
588,M&T Bank,2023-06-30,2.2175744190759783,2.3195214545219156,0.1019470354459373
588,M&T Bank,2023-09-30,2.13355343635583,2.2249429727486874,0.09138953639285718
588,M&T Bank,2023-12-31,1.9812183190794648,2.194476657026689,0.21325833794722415
588,M&T Bank,2024-03-31,2.0127862301020727,2.0535421161900786,0.040755886088005955
588,M&T Bank,2024-06-30,1.7479953566615907,2.0619858240600175,0.31399046739842684
588,M&T Bank,2024-09-30,1.7264506596218026,1.861952530052382,0.13550187043057949
588,M&T Bank,2024-12-31,1.5860438547379685,1.7834175188002215,0.19737366406225298
628,JPMorgan Chase Bank NA,2005-09-30,0.9433645289767985,1.0665684695043454,0.1232039405275469
628,JPMorgan Chase Bank NA,2005-12-31,0.9665518811688678,1.0794903249189027,0.11293844375003492
628,JPMorgan Chase Bank NA,2006-03-31,0.9045871289894203,1.1117460209961636,0.2071588920067433
628,JPMorgan Chase Bank NA,2006-06-30,0.9333276156506429,1.0581616004845094,0.12483398483386643
628,JPMorgan Chase Bank NA,2006-09-30,0.9301978350130645,1.0828322576675609,0.15263442265449634
628,JPMorgan Chase Bank NA,2006-12-31,0.9175280742470534,1.10362066536318,0.18609259111612653
628,JPMorgan Chase Bank NA,2007-03-31,0.9444970924496264,1.0764326618674325,0.13193556941780604
628,JPMorgan Chase Bank NA,2007-06-30,0.8886404599484383,1.0760314937257052,0.18739103377726685
628,JPMorgan Chase Bank NA,2007-09-30,1.0677505587449054,1.060780540725557,-0.0069700180193483785
628,JPMorgan Chase Bank NA,2007-12-31,1.2820171549907755,1.2383565541518835,-0.043660600838892005
628,JPMorgan Chase Bank NA,2008-03-31,1.5182328264179634,1.428468760028387,-0.08976406638957646
628,JPMorgan Chase Bank NA,2008-06-30,1.6537290425311162,1.6408756239975468,-0.01285341853356936
628,JPMorgan Chase Bank NA,2008-09-30,2.456884443467642,1.8508305938484026,-0.6060538496192391
628,JPMorgan Chase Bank NA,2008-12-31,3.534132199458832,2.631062454053325,-0.903069745405507
628,JPMorgan Chase Bank NA,2009-03-31,4.886903970547926,3.71594921781367,-1.1709547527342559
628,JPMorgan Chase Bank NA,2009-06-30,6.153725844571111,5.035562721127953,-1.1181631234431588
628,JPMorgan Chase Bank NA,2009-09-30,7.64020546724353,6.205180011191645,-1.4350254560518847
628,JPMorgan Chase Bank NA,2009-12-31,8.529406825988236,7.594586040545058,-0.9348207854431783
628,JPMorgan Chase Bank NA,2010-03-31,8.592660462685963,8.390157209158112,-0.20250325352785126
628,JPMorgan Chase Bank NA,2010-06-30,8.269460944295346,8.42003982782848,0.1505788835331341
628,JPMorgan Chase Bank NA,2010-09-30,8.093370182163977,8.123661014678843,0.03029083251486675
628,JPMorgan Chase Bank NA,2010-12-31,8.118783959089287,7.91081172922607,-0.20797222986321717
628,JPMorgan Chase Bank NA,2011-03-31,7.444368593064373,7.916893675619122,0.4725250825547498
628,JPMorgan Chase Bank NA,2011-06-30,6.760124042320322,7.322363905291223,0.5622398629709009
628,JPMorgan Chase Bank NA,2011-09-30,6.374435305340078,6.687804314952669,0.3133690096125914
628,JPMorgan Chase Bank NA,2011-12-31,6.104875176921047,6.253070631614454,0.14819545469340678
628,JPMorgan Chase Bank NA,2012-03-31,6.024650808721015,5.984428532874467,-0.04022227584654825
628,JPMorgan Chase Bank NA,2012-06-30,5.721155706769106,5.861855439707584,0.14069973293847848
628,JPMorgan Chase Bank NA,2012-09-30,5.795708496690073,5.569594488305563,-0.2261140083845108
628,JPMorgan Chase Bank NA,2012-12-31,5.373051453616834,5.624152392728712,0.25110093911187814
628,JPMorgan Chase Bank NA,2013-03-31,5.0327806581783925,5.220472679058028,0.1876920208796351
628,JPMorgan Chase Bank NA,2013-06-30,4.67797833218032,4.901444248852099,0.2234659166717785
628,JPMorgan Chase Bank NA,2013-09-30,3.9236743601136554,4.536952637953641,0.6132782778399859
628,JPMorgan Chase Bank NA,2013-12-31,3.5705290079244625,3.8909145367729905,0.320385528848528
628,JPMorgan Chase Bank NA,2014-03-31,3.3809048025430464,3.5162872061667794,0.135382403623733
628,JPMorgan Chase Bank NA,2014-06-30,3.2617281175653066,3.319770069934463,0.05804195236915666
628,JPMorgan Chase Bank NA,2014-09-30,3.1533109366790324,3.2317273744807076,0.07841643780167518
628,JPMorgan Chase Bank NA,2014-12-31,3.0368242246812973,3.0503819569230677,0.01355773224177037
628,JPMorgan Chase Bank NA,2015-03-31,2.8743510247139605,2.9231989194839114,0.048847894769950884
628,JPMorgan Chase Bank NA,2015-06-30,2.614394493033782,2.773064871722448,0.15867037868866607
628,JPMorgan Chase Bank NA,2015-09-30,2.4320620983575703,2.506359439891556,0.0742973415339856
628,JPMorgan Chase Bank NA,2015-12-31,2.2658531138247917,2.350270052480775,0.08441693865598321
628,JPMorgan Chase Bank NA,2016-03-31,2.249463502753281,2.190988660052349,-0.05847484270093206
628,JPMorgan Chase Bank NA,2016-06-30,2.034431243107103,2.17358409370247,0.1391528505953672
628,JPMorgan Chase Bank NA,2016-09-30,1.9692987565625157,1.9467022722089022,-0.0225964843536135
628,JPMorgan Chase Bank NA,2016-12-31,1.8824576983723362,1.8771001458740826,-0.005357552498253648
628,JPMorgan Chase Bank NA,2017-03-31,1.714923007590373,1.799932484453779,0.08500947686340599
628,JPMorgan Chase Bank NA,2017-06-30,1.553473536330208,1.6612893224870486,0.10781578615684073
628,JPMorgan Chase Bank NA,2017-09-30,1.488729205141143,1.4963469399183413,0.007617734777198404
628,JPMorgan Chase Bank NA,2017-12-31,1.5434770911901234,1.4180665397621084,-0.12541055142801505
628,JPMorgan Chase Bank NA,2018-03-31,1.4456155716473593,1.4580349934944912,0.01241942184713185
628,JPMorgan Chase Bank NA,2018-06-30,1.2540124015918177,1.3746950660834223,0.12068266449160459
628,JPMorgan Chase Bank NA,2018-09-30,1.1073751703812422,1.215298687023755,0.10792351664251276
628,JPMorgan Chase Bank NA,2018-12-31,1.0730801425284622,1.0924040823749341,0.01932393984647196
628,JPMorgan Chase Bank NA,2019-03-31,1.0756630787726653,1.0737352183160427,-0.001927860456622632
628,JPMorgan Chase Bank NA,2019-06-30,0.9809046332136213,1.0514161549693277,0.07051152175570641
628,JPMorgan Chase Bank NA,2019-09-30,0.9701111293987384,0.920116877242178,-0.04999425215656039
628,JPMorgan Chase Bank NA,2019-12-31,0.8029203226838675,0.8782038343905069,0.07528351170663938
628,JPMorgan Chase Bank NA,2020-03-31,0.8251035521526296,0.7245301332796757,-0.1005734188729539
628,JPMorgan Chase Bank NA,2020-06-30,1.065146235877943,1.2116307935506634,0.14648455767272028
628,JPMorgan Chase Bank NA,2020-09-30,1.368391139579215,1.2708018931855531,-0.09758924639366184
628,JPMorgan Chase Bank NA,2020-12-31,1.2902156387034553,1.6190958646500144,0.3288802259465591
628,JPMorgan Chase Bank NA,2021-03-31,1.1770435184429047,0.9919087296647716,-0.18513478877813305
628,JPMorgan Chase Bank NA,2021-06-30,1.0363785669496477,1.1259915548746884,0.08961298792504069
628,JPMorgan Chase Bank NA,2021-09-30,0.9435313842525996,0.9501773920601205,0.006646007807520893
628,JPMorgan Chase Bank NA,2021-12-31,0.9300776249897074,0.7979074950836947,-0.13217012990601262
628,JPMorgan Chase Bank NA,2022-03-31,0.9004725977845218,0.8147289750340306,-0.08574362275049119
628,JPMorgan Chase Bank NA,2022-06-30,0.8312203584935183,0.7965031043822496,-0.03471725411126869
628,JPMorgan Chase Bank NA,2022-09-30,0.7817881846334168,0.8919427908734897,0.1101546062400729
628,JPMorgan Chase Bank NA,2022-12-31,0.7622037999003771,0.8589268248616412,0.09672302496126406
628,JPMorgan Chase Bank NA,2023-03-31,0.7963433287472967,0.8923243097223711,0.09598098097507435
628,JPMorgan Chase Bank NA,2023-06-30,0.7389424867054872,0.9049035378672089,0.16596105116172166
628,JPMorgan Chase Bank NA,2023-09-30,0.7514530636726757,0.8648692949898619,0.11341623131718614
628,JPMorgan Chase Bank NA,2023-12-31,0.7252129754362854,0.9249875385372474,0.19977456310096198
628,JPMorgan Chase Bank NA,2024-03-31,0.7950540252742517,0.9023797156014227,0.10732569032717099
628,JPMorgan Chase Bank NA,2024-06-30,0.7893703114690953,0.9467386767074494,0.15736836523835407
628,JPMorgan Chase Bank NA,2024-09-30,0.8293916415318767,0.9898497795699169,0.1604581380380402
628,JPMorgan Chase Bank NA,2024-12-31,0.8874186763744619,0.9690879095486323,0.08166923317417041
3510,Bank of America NA,2005-09-30,0.3252957006140651,0.5424861166917022,0.21719041607763712
3510,Bank of America NA,2005-12-31,0.31363699244851573,0.5115975112099002,0.19796051876138443
3510,Bank of America NA,2006-03-31,0.3302685495286067,0.5111539011742882,0.18088535164568148
3510,Bank of America NA,2006-06-30,0.2998688728223532,0.5313237228766389,0.23145485005428568
3510,Bank of America NA,2006-09-30,0.2988217809569557,0.5004976528637973,0.2016758719068416
3510,Bank of America NA,2006-12-31,0.33341491426015224,0.5232404415425312,0.189825527282379
3510,Bank of America NA,2007-03-31,0.34647734236484484,0.5404036164895825,0.19392627412473762
3510,Bank of America NA,2007-06-30,0.37681103888081985,0.5269525987542435,0.15014155987342365
3510,Bank of America NA,2007-09-30,0.533548854955171,0.5925820644750944,0.05903320951992341
3510,Bank of America NA,2007-12-31,0.7494563095168579,0.7491640799095004,-0.00029222960735753034
3510,Bank of America NA,2008-03-31,1.0094606594783695,0.9408160560729771,-0.06864460340539236
3510,Bank of America NA,2008-06-30,1.2404769087704839,1.175546054233819,-0.06493085453666492
3510,Bank of America NA,2008-09-30,1.8278675413583245,1.4751363737562109,-0.35273116760211365
3510,Bank of America NA,2008-12-31,3.405567453178451,2.0528960423791056,-1.3526714107993456
3510,Bank of America NA,2009-03-31,4.601023127271377,3.6074037064751594,-0.9936194207962177
3510,Bank of America NA,2009-06-30,5.166024888909579,4.779392853998091,-0.38663203491148757
3510,Bank of America NA,2009-09-30,5.986674970562045,5.290426922442884,-0.6962480481191609
3510,Bank of America NA,2009-12-31,8.001362948421093,6.055023037637819,-1.9463399107832737
3510,Bank of America NA,2010-03-31,8.40058447929599,7.90674319717447,-0.4938412821215197
3510,Bank of America NA,2010-06-30,8.064922222841918,8.251895803414454,0.18697358057253588
3510,Bank of America NA,2010-09-30,8.201777656450158,7.943822041603213,-0.25795561484694485
3510,Bank of America NA,2010-12-31,7.814902676039974,8.024639338436293,0.2097366623963186
3510,Bank of America NA,2011-03-31,7.933562189418028,7.6438323181958046,-0.2897298712222236
3510,Bank of America NA,2011-06-30,7.754152472849145,7.793518622393445,0.039366149544299844
3510,Bank of America NA,2011-09-30,8.086864177571382,7.632692607951825,-0.4541715696195565
3510,Bank of America NA,2011-12-31,8.464916627952114,7.872101014530416,-0.5928156134216982
3510,Bank of America NA,2012-03-31,8.739404296840346,8.211174156462969,-0.5282301403773779
3510,Bank of America NA,2012-06-30,8.955006853015133,8.421460427127549,-0.5335464258875842
3510,Bank of America NA,2012-09-30,9.18600733837549,8.616317188642215,-0.5696901497332743
3510,Bank of America NA,2012-12-31,8.258540662133097,8.81768454674031,0.559143884607213
3510,Bank of America NA,2013-03-31,7.47148099065682,7.940294905625387,0.4688139149685666
3510,Bank of America NA,2013-06-30,6.572923012179488,7.2020028319702165,0.6290798197907286
3510,Bank of America NA,2013-09-30,5.6637930592380235,6.32725461391024,0.6634615546722165
3510,Bank of America NA,2013-12-31,5.093947288010068,5.535928864975633,0.4419815769655644
3510,Bank of America NA,2014-03-31,4.7204894277030505,4.957951334541537,0.23746190683848667
3510,Bank of America NA,2014-06-30,4.318014855930128,4.588925946456121,0.2709110905259928
3510,Bank of America NA,2014-09-30,3.934152236283286,4.235038440244004,0.3008862039607183
3510,Bank of America NA,2014-12-31,3.1722937086429566,3.795216895773009,0.6229231871300525
3510,Bank of America NA,2015-03-31,2.7936068856223724,3.0624213345725115,0.2688144489501392
3510,Bank of America NA,2015-06-30,2.526572328151524,2.7093938930261294,0.18282156487460544
3510,Bank of America NA,2015-09-30,2.2633146161011997,2.436046489918467,0.17273187381726718
3510,Bank of America NA,2015-12-31,2.1141668539293472,2.204017334914449,0.08985048098510173
3510,Bank of America NA,2016-03-31,1.9376991199157763,2.060746077546176,0.12304695763039986
3510,Bank of America NA,2016-06-30,1.781812260662919,1.893125289036996,0.11131302837407708
3510,Bank of America NA,2016-09-30,1.7161979683835056,1.7217451091287659,0.005547140745260304
3510,Bank of America NA,2016-12-31,1.6346715984340274,1.6516908595682982,0.01701926113427077
3510,Bank of America NA,2017-03-31,1.5134130584441055,1.5795104654572296,0.06609740701312417
3510,Bank of America NA,2017-06-30,1.348567822775111,1.484292528751109,0.13572470597599806
3510,Bank of America NA,2017-09-30,1.2724021055277823,1.3161635839497725,0.043761478421990185
3510,Bank of America NA,2017-12-31,1.2545787645829487,1.2271654327732069,-0.027413331809741814
3510,Bank of America NA,2018-03-31,1.1809947749129974,1.1990335405237618,0.01803876561076434
3510,Bank of America NA,2018-06-30,1.0872978403364113,1.1384754820765957,0.051177641740184354
3510,Bank of America NA,2018-09-30,0.949804409829841,1.0709536487024174,0.12114923887257634
3510,Bank of America NA,2018-12-31,0.903543554647402,0.956639524463342,0.05309596981594
3510,Bank of America NA,2019-03-31,0.870204099272849,0.9267420093968269,0.05653791012397791
3510,Bank of America NA,2019-06-30,0.7350176207207388,0.8707136180000222,0.1356959972792834
3510,Bank of America NA,2019-09-30,0.6506551902809359,0.7014769489920664,0.05082175871113048
3510,Bank of America NA,2019-12-31,0.6284409774052155,0.5905273256083367,-0.03791365179687889
3510,Bank of America NA,2020-03-31,0.6179428776789747,0.5728986744255519,-0.04504420325342284
3510,Bank of America NA,2020-06-30,0.6713597128992009,1.0293313975881397,0.3579716846889388
3510,Bank of America NA,2020-09-30,0.6700510224303731,0.9133740698997338,0.24332304746936073
3510,Bank of America NA,2020-12-31,0.7874448009099753,0.9758770193278604,0.18843221841788516
3510,Bank of America NA,2021-03-31,0.808457218667189,0.5322107663672818,-0.2762464522999072
3510,Bank of America NA,2021-06-30,0.7356122890523582,0.7922114497002312,0.05659916064787296
3510,Bank of America NA,2021-09-30,0.6727581768483841,0.680039134291793,0.007280957443408842
3510,Bank of America NA,2021-12-31,0.6240264123287855,0.5559145307359922,-0.06811188159279336
3510,Bank of America NA,2022-03-31,0.6541444439007682,0.5396313704170487,-0.11451307348371953
3510,Bank of America NA,2022-06-30,0.5844078371979976,0.5774492120503704,-0.00695862514762724
3510,Bank of America NA,2022-09-30,0.553706588616658,0.6724343714557383,0.11872778283908025
3510,Bank of America NA,2022-12-31,0.537438610700797,0.656995378369429,0.11955676766863199
3510,Bank of America NA,2023-03-31,0.5470637901417883,0.6935049568383546,0.14644116669656626
3510,Bank of America NA,2023-06-30,0.5450516872669441,0.683080086179607,0.13802839891266294
3510,Bank of America NA,2023-09-30,0.6165773202244696,0.6950222595352261,0.07844493931075647
3510,Bank of America NA,2023-12-31,0.6982383443677947,0.8105198303664324,0.11228148599863763
3510,Bank of America NA,2024-03-31,0.7720902802283592,0.8891656776422058,0.11707539741384654
3510,Bank of America NA,2024-06-30,0.7519287982007486,0.9372884269208631,0.18535962872011447
3510,Bank of America NA,2024-09-30,0.7991078852012847,0.9668136905211965,0.16770580531991175
3510,Bank of America NA,2024-12-31,0.7877842266103793,0.9527686109429955,0.1649843843326162
3511,Wells Fargo Bank NA,2005-09-30,1.2029602736856804,1.2082357009324103,0.0052754272467299135
3511,Wells Fargo Bank NA,2005-12-31,1.393409345820116,1.3609862549598923,-0.03242309086022366
3511,Wells Fargo Bank NA,2006-03-31,1.3186851331181229,1.5501992117785435,0.23151407866042062
3511,Wells Fargo Bank NA,2006-06-30,1.3305658728424732,1.4846414002671633,0.1540755274246901
3511,Wells Fargo Bank NA,2006-09-30,1.4093638233270784,1.4934909855581142,0.08412716223103578
3511,Wells Fargo Bank NA,2006-12-31,1.8745673737434072,1.591159819092509,-0.2834075546508983
3511,Wells Fargo Bank NA,2007-03-31,1.8606760361790244,2.012404881635081,0.15172884545605658
3511,Wells Fargo Bank NA,2007-06-30,1.9459857842407748,1.9736606334609959,0.02767484922022101
3511,Wells Fargo Bank NA,2007-09-30,1.9947343339676016,2.09087925215705,0.09614491818944848
3511,Wells Fargo Bank NA,2007-12-31,2.3459058608130983,2.1461248742958454,-0.19978098651725285
3511,Wells Fargo Bank NA,2008-03-31,2.5333727731605613,2.4647077361975995,-0.06866503696296178
3511,Wells Fargo Bank NA,2008-06-30,2.7211978218048345,2.631369096100843,-0.08982872570399136
3511,Wells Fargo Bank NA,2008-09-30,3.195140869586461,2.890429086602627,-0.30471178298383395
3511,Wells Fargo Bank NA,2008-12-31,3.990578576553476,3.3617303130006926,-0.6288482635527832
3511,Wells Fargo Bank NA,2009-03-31,4.878514855156166,4.182168442850825,-0.6963464123053411
3511,Wells Fargo Bank NA,2009-06-30,5.719177105030387,5.0655834805438005,-0.6535936244865868
3511,Wells Fargo Bank NA,2009-09-30,6.609599772112235,5.83529547686754,-0.7743042952446952
3511,Wells Fargo Bank NA,2009-12-31,8.748830064295596,6.665365711828874,-2.0834643524667227
3511,Wells Fargo Bank NA,2010-03-31,8.347449757722762,8.633955532334413,0.2865057746116513
3511,Wells Fargo Bank NA,2010-06-30,7.97300756584561,8.22782881779724,0.25482125195162997
3511,Wells Fargo Bank NA,2010-09-30,7.764578106440201,7.883364228259056,0.1187861218188555
3511,Wells Fargo Bank NA,2010-12-31,7.18749867946773,7.640168529162882,0.4526698496951518
3511,Wells Fargo Bank NA,2011-03-31,7.060628646627924,7.080874949513966,0.02024630288604179
3511,Wells Fargo Bank NA,2011-06-30,6.580586310567648,7.000157996955005,0.4195716863873571
3511,Wells Fargo Bank NA,2011-09-30,6.42978383470522,6.557220376455902,0.12743654175068198
3511,Wells Fargo Bank NA,2011-12-31,6.628620566184592,6.342902363502654,-0.28571820268193804
3511,Wells Fargo Bank NA,2012-03-31,6.5416026186868965,6.513800693348804,-0.02780192533809256
3511,Wells Fargo Bank NA,2012-06-30,6.228445499237159,6.384852551560168,0.15640705232300878
3511,Wells Fargo Bank NA,2012-09-30,6.126935768459384,6.083524828632557,-0.043410939826826755
3511,Wells Fargo Bank NA,2012-12-31,6.050541080217456,5.972866860723287,-0.07767421949416864
3511,Wells Fargo Bank NA,2013-03-31,5.85894705704499,5.894117386505555,0.03517032946056542
3511,Wells Fargo Bank NA,2013-06-30,5.53569488423723,5.714606228505006,0.17891134426777544
3511,Wells Fargo Bank NA,2013-09-30,5.310587818327757,5.379721066843284,0.06913324851552716
3511,Wells Fargo Bank NA,2013-12-31,5.192336177749154,5.230277744263929,0.03794156651477465
3511,Wells Fargo Bank NA,2014-03-31,4.763430059142485,5.076073075534446,0.3126430163919611
3511,Wells Fargo Bank NA,2014-06-30,4.220805231350047,4.655015418866636,0.43421018751658913
3511,Wells Fargo Bank NA,2014-09-30,4.013163439938141,4.16961186532099,0.1564484253828491
3511,Wells Fargo Bank NA,2014-12-31,3.8373472873234693,3.8951547478980078,0.05780746057453845
3511,Wells Fargo Bank NA,2015-03-31,3.59682272234926,3.712297366779007,0.1154746444297472
3511,Wells Fargo Bank NA,2015-06-30,3.3282846523983176,3.488920448785034,0.1606357963867162
3511,Wells Fargo Bank NA,2015-09-30,3.089803831670086,3.214162159788792,0.12435832811870595
3511,Wells Fargo Bank NA,2015-12-31,3.0106014145842868,3.005383471137403,-0.005217943446883755
3511,Wells Fargo Bank NA,2016-03-31,2.8714013883505407,2.9277484500227153,0.056347061672174625
3511,Wells Fargo Bank NA,2016-06-30,2.7416676615187594,2.7950994251020442,0.05343176358328483
3511,Wells Fargo Bank NA,2016-09-30,2.5579508054179736,2.6482611668363365,0.0903103614183629
3511,Wells Fargo Bank NA,2016-12-31,2.453053954770814,2.4673802743935327,0.014326319622718575
3511,Wells Fargo Bank NA,2017-03-31,2.2654928039141318,2.3732691800972607,0.10777637618312896
3511,Wells Fargo Bank NA,2017-06-30,2.053100588929155,2.215833324161116,0.1627327352319612
3511,Wells Fargo Bank NA,2017-09-30,2.0839453285479372,2.00308661725297,-0.08085871129496702
3511,Wells Fargo Bank NA,2017-12-31,2.191387631765238,2.014506351209817,-0.17688128055542096
3511,Wells Fargo Bank NA,2018-03-31,2.012219259362371,2.1039228877309784,0.09170362836860724
3511,Wells Fargo Bank NA,2018-06-30,1.8302604947546552,1.9442851624207704,0.11402466766611519
3511,Wells Fargo Bank NA,2018-09-30,1.7494834868676807,1.7939390278587184,0.044455540991037656
3511,Wells Fargo Bank NA,2018-12-31,1.6774848354069665,1.7328472089773195,0.05536237357035301
3511,Wells Fargo Bank NA,2019-03-31,1.6407761550200566,1.6787975208807175,0.03802136586066096
3511,Wells Fargo Bank NA,2019-06-30,1.4915151053953275,1.6196074716404856,0.12809236624515807
3511,Wells Fargo Bank NA,2019-09-30,1.4446105287399367,1.4371633208343662,-0.007447207905570519
3511,Wells Fargo Bank NA,2019-12-31,1.4356268761337065,1.3613638927570024,-0.07426298337670412
3511,Wells Fargo Bank NA,2020-03-31,1.425007330284621,1.356150709373357,-0.06885662091126399
3511,Wells Fargo Bank NA,2020-06-30,2.029849245242387,1.8124694683200082,-0.21737977692237864
3511,Wells Fargo Bank NA,2020-09-30,2.2698069449667795,2.2139656861860173,-0.05584125878076218
3511,Wells Fargo Bank NA,2020-12-31,1.9751727301396176,2.502871375743444,0.5276986456038266
3511,Wells Fargo Bank NA,2021-03-31,1.7877183971999506,1.6725608553408864,-0.11515754185906424
3511,Wells Fargo Bank NA,2021-06-30,1.519155681547431,1.7369377572352902,0.21778207568785923
3511,Wells Fargo Bank NA,2021-09-30,1.5764066796648115,1.4411052021412254,-0.13530147752358612
3511,Wells Fargo Bank NA,2021-12-31,1.4978259806376035,1.4296864174875497,-0.06813956315005387
3511,Wells Fargo Bank NA,2022-03-31,1.2766737720323638,1.3853932199767258,0.10871944794436206
3511,Wells Fargo Bank NA,2022-06-30,1.111665027174034,1.1874207766743337,0.07575574950029962
3511,Wells Fargo Bank NA,2022-09-30,1.1052883385070706,1.193003209412629,0.0877148709055584
3511,Wells Fargo Bank NA,2022-12-31,1.1043609513679555,1.200390217961457,0.09602926659350142
3511,Wells Fargo Bank NA,2023-03-31,1.1032888398389957,1.2512953025109272,0.14800646267193152
3511,Wells Fargo Bank NA,2023-06-30,1.1743279602850665,1.230832166739423,0.05650420645435661
3511,Wells Fargo Bank NA,2023-09-30,1.3027837077112494,1.3113251113666111,0.008541403655361712
3511,Wells Fargo Bank NA,2023-12-31,1.3503701322495005,1.480245514533711,0.12987538228421047
3511,Wells Fargo Bank NA,2024-03-31,1.36154656875633,1.5269159892214534,0.16536942046512348
3511,Wells Fargo Bank NA,2024-06-30,1.383433883809443,1.516224476052309,0.13279059224286582
3511,Wells Fargo Bank NA,2024-09-30,1.4174763802185562,1.585208044933343,0.16773166471478684
3511,Wells Fargo Bank NA,2024-12-31,1.4523353858101737,1.5588356780629793,0.10650029225280555
6384,PNC Bank NA,2005-09-30,0.4165243505014486,0.5209346356389069,0.10441028513745826
6384,PNC Bank NA,2005-12-31,0.5760841935697034,0.5613249940200904,-0.014759199549613022
6384,PNC Bank NA,2006-03-31,0.4892482826297091,0.7215517083063099,0.23230342567660078
6384,PNC Bank NA,2006-06-30,0.5360522405249288,0.6446283615187285,0.10857612099379965
6384,PNC Bank NA,2006-09-30,0.43751299034369406,0.6862496572898922,0.24873666694619812
6384,PNC Bank NA,2006-12-31,0.40910230942507286,0.6175064674775974,0.20840415805252455
6384,PNC Bank NA,2007-03-31,0.38865712174255285,0.5755472915369297,0.1868901697943769
6384,PNC Bank NA,2007-06-30,0.4007237948061934,0.530652954973182,0.12992916016698858
6384,PNC Bank NA,2007-09-30,0.5394110867594433,0.5791407700882332,0.0397296833287899
6384,PNC Bank NA,2007-12-31,0.790903266661976,0.7187842964172377,-0.07211897024473823
6384,PNC Bank NA,2008-03-31,0.9393592651184377,0.943828736891487,0.004469471773049349
6384,PNC Bank NA,2008-06-30,1.1679111697482387,1.0738825204439701,-0.09402864930426857
6384,PNC Bank NA,2008-09-30,1.3527237853967196,1.371160315690917,0.01843653029419734
6384,PNC Bank NA,2008-12-31,2.0978282715674577,1.571143510442351,-0.5266847611251066
6384,PNC Bank NA,2009-03-31,2.866348644291911,2.344349288124889,-0.5219993561670218
6384,PNC Bank NA,2009-06-30,3.5091355348904165,3.1157052516790946,-0.3934302832113219
6384,PNC Bank NA,2009-09-30,3.8378041226784365,3.6997323562605,-0.13807176641793673
6384,PNC Bank NA,2009-12-31,7.096336498272232,4.002656382713144,-3.0936801155590885
6384,PNC Bank NA,2010-03-31,7.376208185671537,7.021591667887873,-0.354616517783664
6384,PNC Bank NA,2010-06-30,6.7064418410959945,7.254747192498556,0.5483053514025613
6384,PNC Bank NA,2010-09-30,6.428917717212701,6.633152426047905,0.20423470883520434
6384,PNC Bank NA,2010-12-31,6.149886544467145,6.325118763596867,0.17523221912972264
6384,PNC Bank NA,2011-03-31,5.9406389378410385,6.045511639212968,0.10487270137192972
6384,PNC Bank NA,2011-06-30,5.492526398023273,5.887492131517813,0.3949657334945398
6384,PNC Bank NA,2011-09-30,5.234725285338744,5.474517214714343,0.239791929375599
6384,PNC Bank NA,2011-12-31,5.0849332495406605,5.159792408476615,0.07485915893595418
6384,PNC Bank NA,2012-03-31,4.513266385620433,5.003539873520154,0.4902734878997208
6384,PNC Bank NA,2012-06-30,4.317271295914236,4.419800483804766,0.10252918789053034
6384,PNC Bank NA,2012-09-30,4.249427411736555,4.22841681297577,-0.021010598760784482
6384,PNC Bank NA,2012-12-31,3.9350913925812754,4.149350646613868,0.21425925403259294
6384,PNC Bank NA,2013-03-31,3.8465725398360586,3.847318645287191,0.0007461054511321841
6384,PNC Bank NA,2013-06-30,3.607620435998929,3.7645325263827805,0.15691209038385168
6384,PNC Bank NA,2013-09-30,3.359555868494715,3.5087539762667217,0.1491981077720066
6384,PNC Bank NA,2013-12-31,3.120250118248562,3.33776749028442,0.21751737203585808
6384,PNC Bank NA,2014-03-31,2.8938287996046173,3.069966468118816,0.17613766851419888
6384,PNC Bank NA,2014-06-30,2.466525021142354,2.838919170993336,0.3723941498509822
6384,PNC Bank NA,2014-09-30,2.285321203042645,2.46173210604367,0.1764109030010248
6384,PNC Bank NA,2014-12-31,2.190820114799236,2.2120842030187364,0.021264088219500543
6384,PNC Bank NA,2015-03-31,2.057103101893312,2.1055323254251137,0.04842922353180157
6384,PNC Bank NA,2015-06-30,1.8738698551554638,1.9823828880818717,0.1085130329264079
6384,PNC Bank NA,2015-09-30,1.8248774853331637,1.7876740651808574,-0.03720342015230638
6384,PNC Bank NA,2015-12-31,1.752233879885002,1.7567100504821964,0.004476170597194518
6384,PNC Bank NA,2016-03-31,1.7521138784708683,1.685229773613335,-0.06688410485753327
6384,PNC Bank NA,2016-06-30,1.7005686459990799,1.683092498344963,-0.017476147654116758
6384,PNC Bank NA,2016-09-30,1.656236166501404,1.6096257915643568,-0.04661037493704723
6384,PNC Bank NA,2016-12-31,1.6561093459449103,1.559542250418125,-0.09656709552678522
6384,PNC Bank NA,2017-03-31,1.521880201481721,1.5637466400023856,0.04186643852066463
6384,PNC Bank NA,2017-06-30,1.4556576663011194,1.4563571762488001,0.0006995099476807543
6384,PNC Bank NA,2017-09-30,1.371479631836294,1.380775103026391,0.009295471190096993
6384,PNC Bank NA,2017-12-31,1.3788642742992112,1.2842582478505917,-0.09460602644861948
6384,PNC Bank NA,2018-03-31,1.3132856524801169,1.2797813558358586,-0.03350429664425825
6384,PNC Bank NA,2018-06-30,1.224997962256191,1.2267354801495214,0.0017375178933303204
6384,PNC Bank NA,2018-09-30,1.226765234781396,1.1642896448971305,-0.06247558988426549
6384,PNC Bank NA,2018-12-31,1.2115207164244033,1.1806568175161727,-0.030863898908230603
6384,PNC Bank NA,2019-03-31,1.141769655511982,1.1798648220391479,0.038095166527165825
6384,PNC Bank NA,2019-06-30,1.102697051435639,1.0896680275768416,-0.01302902385879734
6384,PNC Bank NA,2019-09-30,1.0922442236838694,1.0106239648756745,-0.0816202588081949
6384,PNC Bank NA,2019-12-31,1.0683763043049828,0.969030610125291,-0.09934569417969175
6384,PNC Bank NA,2020-03-31,1.0300439177940672,0.9498501320038819,-0.08019378579018532
6384,PNC Bank NA,2020-06-30,1.1316135688620714,1.3801633496997185,0.24854978083764712
6384,PNC Bank NA,2020-09-30,1.3160948015850498,1.3093922970003302,-0.006702504584719549
6384,PNC Bank NA,2020-12-31,1.4261327845718366,1.546239247121427,0.12010646254959045
6384,PNC Bank NA,2021-03-31,1.3910078390794334,1.0956703656842068,-0.29533747339522654
6384,PNC Bank NA,2021-06-30,1.2956651771434022,1.3029921290351043,0.0073269518917020715
6384,PNC Bank NA,2021-09-30,1.2174421773526847,1.1697080945839267,-0.04773408276875801
6384,PNC Bank NA,2021-12-31,1.3773489994043182,1.0311614314134765,-0.3461875679908417
6384,PNC Bank NA,2022-03-31,1.2521467864869036,1.2106633021492166,-0.041483484337687004
6384,PNC Bank NA,2022-06-30,1.059985017874551,1.10272968241326,0.042744664538709065
6384,PNC Bank NA,2022-09-30,1.048171652735321,1.0828319022806971,0.034660249545376054
6384,PNC Bank NA,2022-12-31,0.9825295557127649,1.0851171705932168,0.10258761488045187
6384,PNC Bank NA,2023-03-31,0.9756914138468363,1.0752944113988903,0.09960299755205393
6384,PNC Bank NA,2023-06-30,0.9445277552808249,1.0494204719637967,0.10489271668297184
6384,PNC Bank NA,2023-09-30,1.0180747654997424,1.0340070236672394,0.015932258167496993
6384,PNC Bank NA,2023-12-31,1.018629462696834,1.1514014411767075,0.13277197847987354
6384,PNC Bank NA,2024-03-31,1.0767429093716963,1.153937662707493,0.07719475333579684
6384,PNC Bank NA,2024-06-30,1.0942638110692644,1.1872915207440478,0.09302770967478335
6384,PNC Bank NA,2024-09-30,1.1065613449213054,1.2521776770205297,0.1456163320992243
6384,PNC Bank NA,2024-12-31,1.057091827415879,1.2053999851358221,0.1483081577199432
6548,U.S. Bank NA,2005-09-30,1.0220858847659835,1.1176023623901745,0.09551647762419102
6548,U.S. Bank NA,2005-12-31,1.185843908641271,1.1135163879208516,-0.07232752072041948
6548,U.S. Bank NA,2006-03-31,1.0212117722621623,1.2776826465319528,0.25647087426979054
6548,U.S. Bank NA,2006-06-30,0.8918631750285755,1.1277558507474912,0.2358926757189157
6548,U.S. Bank NA,2006-09-30,0.8682177433601229,1.0040767864892284,0.13585904312910546
6548,U.S. Bank NA,2006-12-31,0.9414130401479317,1.005613446748304,0.0642004066003723
6548,U.S. Bank NA,2007-03-31,0.9293803770636396,1.0590006294439536,0.12962025238031394
6548,U.S. Bank NA,2007-06-30,0.8937765920308243,1.0220005487644115,0.12822395673358722
6548,U.S. Bank NA,2007-09-30,0.9969592209331324,1.0257547301246195,0.0287955091914871
6548,U.S. Bank NA,2007-12-31,1.1296275824988045,1.132080922051335,0.0024533395525305757
6548,U.S. Bank NA,2008-03-31,1.2889805434384347,1.245621899309897,-0.04335864412853763
6548,U.S. Bank NA,2008-06-30,1.4793382458515847,1.3859013183655255,-0.09343692748605914
6548,U.S. Bank NA,2008-09-30,1.7826843883339394,1.647337933943903,-0.13534645439003645
6548,U.S. Bank NA,2008-12-31,2.6450683296511626,1.9585521843383829,-0.6865161453127797
6548,U.S. Bank NA,2009-03-31,3.436866166650845,2.8418122053192554,-0.5950539613315895
6548,U.S. Bank NA,2009-06-30,3.897650545481615,3.635011583080277,-0.2626389624013381
6548,U.S. Bank NA,2009-09-30,4.2698989725216,4.048248768097542,-0.22165020442405758
6548,U.S. Bank NA,2009-12-31,4.986863019857072,4.392067819394456,-0.5947952004626158
6548,U.S. Bank NA,2010-03-31,5.210815435967155,5.026012666063847,-0.18480276990330768
6548,U.S. Bank NA,2010-06-30,5.052204994281024,5.206693926705253,0.15448893242422912
6548,U.S. Bank NA,2010-09-30,4.711503427812993,5.064764384054522,0.3532609562415292
6548,U.S. Bank NA,2010-12-31,4.700785351332916,4.697445439040541,-0.003339912292375402
6548,U.S. Bank NA,2011-03-31,4.6668437519714265,4.6696214998671115,0.0027777478956849677
6548,U.S. Bank NA,2011-06-30,4.315927668993917,4.676107957441509,0.36018028844759176
6548,U.S. Bank NA,2011-09-30,3.9872259558660277,4.354341534874928,0.36711557900890046
6548,U.S. Bank NA,2011-12-31,3.7330958755980213,3.973084087251327,0.23998821165330586
6548,U.S. Bank NA,2012-03-31,3.5299908860765643,3.7189214407836646,0.1889305547071003
6548,U.S. Bank NA,2012-06-30,3.072906443288238,3.4810380080635555,0.40813156477531765
6548,U.S. Bank NA,2012-09-30,3.1511204358369356,3.0446498635113826,-0.10647057232555301
6548,U.S. Bank NA,2012-12-31,3.067005548457809,3.102643415587002,0.03563786712919326
6548,U.S. Bank NA,2013-03-31,2.9687430173537646,3.0166493589904073,0.04790634163664276
6548,U.S. Bank NA,2013-06-30,2.829379542881751,2.924719838563678,0.09534029568192715
6548,U.S. Bank NA,2013-09-30,2.823881430181532,2.762394581116882,-0.06148684906464963
6548,U.S. Bank NA,2013-12-31,2.8519042526713685,2.8190308070551797,-0.03287344561618877
6548,U.S. Bank NA,2014-03-31,2.786150285544348,2.802089099913985,0.01593881436963729
6548,U.S. Bank NA,2014-06-30,2.4393239924306562,2.721810953036152,0.2824869606054956
6548,U.S. Bank NA,2014-09-30,2.3500547943026895,2.4201434131518718,0.07008861884918227
6548,U.S. Bank NA,2014-12-31,2.2762566781118947,2.2567663324229033,-0.01949034568899144
6548,U.S. Bank NA,2015-03-31,2.1641634698571157,2.1696419830389844,0.0054785131818686494
6548,U.S. Bank NA,2015-06-30,1.9997036105833044,2.066784176954946,0.06708056637164161
6548,U.S. Bank NA,2015-09-30,2.0001301014932866,1.8896921732054226,-0.11043792828786403
6548,U.S. Bank NA,2015-12-31,1.971043098018492,1.9051024814072557,-0.0659406166112364
6548,U.S. Bank NA,2016-03-31,1.9467267507512005,1.8744954236784248,-0.07223132707277569
6548,U.S. Bank NA,2016-06-30,1.766276178591752,1.8496524619782049,0.08337628338645287
6548,U.S. Bank NA,2016-09-30,1.717810119633873,1.6552218608930014,-0.0625882587408717
6548,U.S. Bank NA,2016-12-31,1.7405192609195663,1.6012593968865128,-0.13925986403305357
6548,U.S. Bank NA,2017-03-31,1.6619550299768189,1.6268928977963033,-0.03506213218051557
6548,U.S. Bank NA,2017-06-30,1.4217764139368085,1.5717390104112101,0.14996259647440158
6548,U.S. Bank NA,2017-09-30,1.2901591697616046,1.3329177336794227,0.04275856391781807
6548,U.S. Bank NA,2017-12-31,1.3237670344042793,1.191884246661962,-0.13188278774231743
6548,U.S. Bank NA,2018-03-31,1.3382635071111986,1.21201504804274,-0.1262484590684585
6548,U.S. Bank NA,2018-06-30,1.1955449813479095,1.234111096609853,0.03856611526194342
6548,U.S. Bank NA,2018-09-30,1.1185666647380532,1.1205877353756208,0.0020210706375676235
6548,U.S. Bank NA,2018-12-31,1.0800099623251302,1.0630605825604578,-0.01694937976467248
6548,U.S. Bank NA,2019-03-31,1.0903007182684048,1.040392592070475,-0.049908126197929725
6548,U.S. Bank NA,2019-06-30,1.0902405303877074,1.025306494322055,-0.06493403606565251
6548,U.S. Bank NA,2019-09-30,1.043363009474716,0.9828714177241128,-0.060491591750603146
6548,U.S. Bank NA,2019-12-31,1.0064319649631277,0.9070973785714583,-0.09933458639166937
6548,U.S. Bank NA,2020-03-31,0.9552531308012646,0.8756585526448409,-0.07959457815642368
6548,U.S. Bank NA,2020-06-30,1.0582692939837135,1.2939167512111056,0.2356474572273921
6548,U.S. Bank NA,2020-09-30,1.0492205558569117,1.2245030956447294,0.17528253978781771
6548,U.S. Bank NA,2020-12-31,1.1811652917093174,1.2797428369770527,0.09857754526773532
6548,U.S. Bank NA,2021-03-31,1.1034788669697688,0.8497311034796659,-0.253747763490103
6548,U.S. Bank NA,2021-06-30,1.0402288957500478,1.0171134640907415,-0.023115431659306296
6548,U.S. Bank NA,2021-09-30,0.9445601924887451,0.9139449924018525,-0.03061520008689267
6548,U.S. Bank NA,2021-12-31,0.8791560736438608,0.7590273997121247,-0.1201286739317361
6548,U.S. Bank NA,2022-03-31,0.7887335524762444,0.7270990154536664,-0.06163453702257804
6548,U.S. Bank NA,2022-06-30,0.8493741277019793,0.6518024219802597,-0.19757170572171956
6548,U.S. Bank NA,2022-09-30,0.8469354798711541,0.869132642441626,0.022197162570471884
6548,U.S. Bank NA,2022-12-31,1.0061547419194137,0.8802150817354025,-0.12593966018401115
6548,U.S. Bank NA,2023-03-31,1.0126606154134767,1.0814006930068505,0.06874007759337375
6548,U.S. Bank NA,2023-06-30,0.9534967587197897,1.0680486868564145,0.11455192813662485
6548,U.S. Bank NA,2023-09-30,1.0417776478928225,1.0263600430169046,-0.015417604875917812
6548,U.S. Bank NA,2023-12-31,1.1282842526046823,1.1575806323577398,0.029296379753057433
6548,U.S. Bank NA,2024-03-31,1.1653335607936661,1.2407735394927624,0.07543997869909624
6548,U.S. Bank NA,2024-06-30,1.1276841231107118,1.2543609531942952,0.12667683008358344
6548,U.S. Bank NA,2024-09-30,1.2287086970869676,1.2674756381124563,0.03876694102548872
6548,U.S. Bank NA,2024-12-31,1.3210624508213538,1.3039587974038986,-0.017103653417455122
6560,Huntington National Bank,2005-09-30,0.5697754703400217,0.6164705365230926,0.046695066183070844
6560,Huntington National Bank,2005-12-31,0.6325750387824663,0.653601180911879,0.021026142129412673
6560,Huntington National Bank,2006-03-31,0.7575303043831252,0.7230287113855386,-0.034501592997586594
6560,Huntington National Bank,2006-06-30,0.6866931424293108,0.8448487646447308,0.15815562221542
6560,Huntington National Bank,2006-09-30,0.7208649218187254,0.7760764334197331,0.05521151160100768
6560,Huntington National Bank,2006-12-31,0.7996133063730849,0.831868371422435,0.03225506504935005
6560,Huntington National Bank,2007-03-31,0.870841430964061,0.8904665339214405,0.019625102957379514
6560,Huntington National Bank,2007-06-30,1.0399865418095677,0.9315978102863173,-0.10838873152325046
6560,Huntington National Bank,2007-09-30,1.2111630372421331,1.127486963401922,-0.08367607384021114
6560,Huntington National Bank,2007-12-31,1.3234713882152915,1.2976181373740343,-0.025853250841257225
6560,Huntington National Bank,2008-03-31,1.4159252020846107,1.3920534191251739,-0.023871782959436816
6560,Huntington National Bank,2008-06-30,1.646010497690238,1.4695551334333588,-0.17645536425687935
6560,Huntington National Bank,2008-09-30,1.8764240525096958,1.7682718523461283,-0.10815220016356752
6560,Huntington National Bank,2008-12-31,4.142771010559458,2.0110466583638913,-2.1317243521955667
6560,Huntington National Bank,2009-03-31,4.5425639986745985,4.211776028365501,-0.3307879703090979
6560,Huntington National Bank,2009-06-30,5.394661588948269,4.637120721268198,-0.7575408676800706
6560,Huntington National Bank,2009-09-30,6.500743721021982,5.41756356327116,-1.0831801577508218
6560,Huntington National Bank,2009-12-31,5.993214871868294,6.450007173860465,0.4567923019921709
6560,Huntington National Bank,2010-03-31,5.451045332601537,5.93489621208514,0.4838508794836027
6560,Huntington National Bank,2010-06-30,3.706578180435412,5.396653838847731,1.6900756584123195
6560,Huntington National Bank,2010-09-30,3.137930185817892,3.7665671417024735,0.6286369558845815
6560,Huntington National Bank,2010-12-31,2.5302572851281937,3.185344818375417,0.6550875332472232
6560,Huntington National Bank,2011-03-31,2.130961790348116,2.597342531002618,0.4663807406545022
6560,Huntington National Bank,2011-06-30,1.937860067158184,2.260983377244921,0.323123310086737
6560,Huntington National Bank,2011-09-30,1.8353076518317677,2.0873088768853427,0.25200122505357503
6560,Huntington National Bank,2011-12-31,1.7786165408319299,1.9182683926753614,0.13965185184343154
6560,Huntington National Bank,2012-03-31,1.6147342775695122,1.8493811325340705,0.2346468549645584
6560,Huntington National Bank,2012-06-30,1.5445384758321392,1.6483040394507262,0.10376556361858702
6560,Huntington National Bank,2012-09-30,1.5467942709676932,1.574969565112161,0.028175294144467733
6560,Huntington National Bank,2012-12-31,1.4915949296690827,1.5616844611932779,0.07008953152419517
6560,Huntington National Bank,2013-03-31,1.3958045418805005,1.502824556434911,0.10702001455441046
6560,Huntington National Bank,2013-06-30,1.3107274405672509,1.4132148784867167,0.1024874379194658
6560,Huntington National Bank,2013-09-30,1.2032098450928264,1.3018315845060413,0.09862173941321495
6560,Huntington National Bank,2013-12-31,1.1331188950259867,1.2627334214639419,0.12961452643795512
6560,Huntington National Bank,2014-03-31,1.092409504879981,1.1537224172546185,0.06131291237463765
6560,Huntington National Bank,2014-06-30,1.0068795144750666,1.096945931131688,0.0900664166566214
6560,Huntington National Bank,2014-09-30,1.0036159069097212,1.0404770650931305,0.03686115818340929
6560,Huntington National Bank,2014-12-31,0.9050376008118313,0.9578070457755002,0.05276944496366898
6560,Huntington National Bank,2015-03-31,0.9779254943306663,0.8474291346692143,-0.130496359661452
6560,Huntington National Bank,2015-06-30,0.9579903367449004,0.9181563367586844,-0.03983399998621606
6560,Huntington National Bank,2015-09-30,0.949617136409803,0.8766853304151335,-0.07293180599466953
6560,Huntington National Bank,2015-12-31,0.9684860918922715,0.8838380681837942,-0.08464802370847735
6560,Huntington National Bank,2016-03-31,1.1728817376498932,0.8982325562763992,-0.27464918137349403
6560,Huntington National Bank,2016-06-30,1.0575796886698725,1.0880113737630954,0.030431685093222915
6560,Huntington National Bank,2016-09-30,0.7687357112973965,0.9547157038690418,0.18597999257164533
6560,Huntington National Bank,2016-12-31,0.8150617257889363,0.6751842356093808,-0.13987749017955553
6560,Huntington National Bank,2017-03-31,0.7745804878230338,0.7229796497587556,-0.051600838064278176
6560,Huntington National Bank,2017-06-30,0.7259776279970939,0.7035625840477365,-0.02241504394935734
6560,Huntington National Bank,2017-09-30,0.6567085467018576,0.6445146943777459,-0.012193852324111742
6560,Huntington National Bank,2017-12-31,0.6330503596693873,0.5619882994867426,-0.07106206018264472
6560,Huntington National Bank,2018-03-31,0.6799322525065419,0.5283810273411768,-0.15155122516536512
6560,Huntington National Bank,2018-06-30,0.6982579215746031,0.580867333962268,-0.11739058761233512
6560,Huntington National Bank,2018-09-30,0.7111547054228496,0.6184667501796927,-0.09268795524315698
6560,Huntington National Bank,2018-12-31,0.7140253257539713,0.6452777805520621,-0.06874754520190918
6560,Huntington National Bank,2019-03-31,0.7596872488983633,0.6614849080507937,-0.09820234084756951
6560,Huntington National Bank,2019-06-30,0.7739150177864712,0.679590873106858,-0.09432414467961325
6560,Huntington National Bank,2019-09-30,0.8212144312126055,0.65056351799352,-0.17065091321908554
6560,Huntington National Bank,2019-12-31,0.8511889415311825,0.6631644736931505,-0.18802446783803206
6560,Huntington National Bank,2020-03-31,0.9380383855794677,0.694509365512256,-0.24352902006721178
6560,Huntington National Bank,2020-06-30,1.1092626836390733,1.2422923618635746,0.1330296782245013
6560,Huntington National Bank,2020-09-30,0.9371032084465825,1.236884756302464,0.2997815478558816
6560,Huntington National Bank,2020-12-31,0.8724684273515186,1.1390624910013436,0.26659406364982496
6560,Huntington National Bank,2021-03-31,0.8377727150798377,0.5245818753917068,-0.313190839688131
6560,Huntington National Bank,2021-06-30,1.0170083698785124,0.7323064282784705,-0.2847019416000419
6560,Huntington National Bank,2021-09-30,0.9439567339361888,0.8566848193273492,-0.08727191460883965
6560,Huntington National Bank,2021-12-31,0.831466091236948,0.7229909288308897,-0.10847516240605837
6560,Huntington National Bank,2022-03-31,0.8513805820156347,0.6468768707400655,-0.2045037112755692
6560,Huntington National Bank,2022-06-30,0.7465895377812548,0.6751197790692777,-0.07146975871197714
6560,Huntington National Bank,2022-09-30,0.7006893593982744,0.7372100926385067,0.036520733240232306
6560,Huntington National Bank,2022-12-31,0.6524993130627382,0.7075085271675047,0.055009214104766446
6560,Huntington National Bank,2023-03-31,0.6089450479844152,0.7140626536772018,0.10511760569278661
6560,Huntington National Bank,2023-06-30,0.5672963591936109,0.6537345538613198,0.08643819466770897
6560,Huntington National Bank,2023-09-30,0.6334292692957113,0.6284820244920505,-0.004947244803660822
6560,Huntington National Bank,2023-12-31,0.7141763615801636,0.7389191008621413,0.024742739281977677
6560,Huntington National Bank,2024-03-31,0.7413799885451047,0.8167073206955903,0.07532733215048559
6560,Huntington National Bank,2024-06-30,0.7384490683524549,0.8210556140796282,0.0826065457271733
6560,Huntington National Bank,2024-09-30,0.7725410827856222,0.8667499197511684,0.09420883696554627
6560,Huntington National Bank,2024-12-31,0.7967022781220566,0.8404240202578922,0.04372174213583557
6672,Fifth Third Bank NA,2005-09-30,0.6660162326933413,0.6603910609448642,-0.005625171748477098
6672,Fifth Third Bank NA,2005-12-31,0.6740130155816152,0.7512524743232893,0.07723945874167415
6672,Fifth Third Bank NA,2006-03-31,0.6299168692943833,0.7692534434501903,0.13933657415580702
6672,Fifth Third Bank NA,2006-06-30,0.6424525213922734,0.7324368012148565,0.08998427982258317
6672,Fifth Third Bank NA,2006-09-30,0.7252583191897144,0.7419009518242314,0.01664263263451704
6672,Fifth Third Bank NA,2006-12-31,0.7670228868606265,0.8433307220266766,0.07630783516605011
6672,Fifth Third Bank NA,2007-03-31,0.8031664486182675,0.8672235222240909,0.06405707360582347
6672,Fifth Third Bank NA,2007-06-30,0.8364500908562028,0.8754316833745186,0.03898159251831579
6672,Fifth Third Bank NA,2007-09-30,1.0977652740992727,0.9438293581034691,-0.15393591599580358
6672,Fifth Third Bank NA,2007-12-31,1.4636474200347163,1.1985460638424144,-0.2651013561923019
6672,Fifth Third Bank NA,2008-03-31,1.8476583706728504,1.5309332706771492,-0.3167250999957012
6672,Fifth Third Bank NA,2008-06-30,2.3165495081880096,1.8820302197623313,-0.43451928842567833
6672,Fifth Third Bank NA,2008-09-30,2.80719754938364,2.404840717024845,-0.40235683235879494
6672,Fifth Third Bank NA,2008-12-31,2.9386313604047256,2.8918177956613578,-0.04681356474336784
6672,Fifth Third Bank NA,2009-03-31,2.9147934549118055,3.089159184277478,0.17436572936567263
6672,Fifth Third Bank NA,2009-06-30,2.9139505910676484,3.1169715269863607,0.2030209359187123
6672,Fifth Third Bank NA,2009-09-30,5.635575856819806,3.0970208461917488,-2.5385550106280577
6672,Fifth Third Bank NA,2009-12-31,5.168208201471789,5.6454791489598986,0.47727094748810917
6672,Fifth Third Bank NA,2010-03-31,4.773792842176077,5.168055178386233,0.39426233621015605
6672,Fifth Third Bank NA,2010-06-30,4.370926314293623,4.768464323017566,0.3975380087239433
6672,Fifth Third Bank NA,2010-09-30,3.7465570337043377,4.3973265298358815,0.6507694961315438
6672,Fifth Third Bank NA,2010-12-31,3.296925978616536,3.7638157306152995,0.46688975199876337
6672,Fifth Third Bank NA,2011-03-31,3.1958321636081575,3.3241188365909298,0.1282866729827723
6672,Fifth Third Bank NA,2011-06-30,3.1299872802771467,3.2675901115862964,0.13760283130914974
6672,Fifth Third Bank NA,2011-09-30,2.9711551976013792,3.2133325645005724,0.24217736689919311
6672,Fifth Third Bank NA,2011-12-31,2.611296750760196,2.991479623108908,0.38018287234871195
6672,Fifth Third Bank NA,2012-03-31,2.4842263722141564,2.638102196321484,0.15387582410732747
6672,Fifth Third Bank NA,2012-06-30,2.3643227381079335,2.471569125563161,0.10724638745522741
6672,Fifth Third Bank NA,2012-09-30,2.1316610497871746,2.351589159305134,0.2199281095179595
6672,Fifth Third Bank NA,2012-12-31,1.892897009293952,2.1178590861711264,0.2249620768771743
6672,Fifth Third Bank NA,2013-03-31,1.7878533547443547,1.8867433157889248,0.09888996104457015
6672,Fifth Third Bank NA,2013-06-30,1.6900144574079063,1.7884504352273725,0.09843597781946611
6672,Fifth Third Bank NA,2013-09-30,1.5139712617045353,1.665091558629038,0.15112029692450268
6672,Fifth Third Bank NA,2013-12-31,1.4070867405222762,1.561689438254076,0.1546026977317998
6672,Fifth Third Bank NA,2014-03-31,1.3255006172762136,1.418151597078353,0.09265097980213932
6672,Fifth Third Bank NA,2014-06-30,1.1942549651239505,1.3230166625450357,0.12876169742108523
6672,Fifth Third Bank NA,2014-09-30,1.1860211116786394,1.223648530354508,0.037627418675868496
6672,Fifth Third Bank NA,2014-12-31,1.217956216676065,1.136314466097011,-0.08164175057905387
6672,Fifth Third Bank NA,2015-03-31,1.0835322936955811,1.1484094525706037,0.06487715887502254
6672,Fifth Third Bank NA,2015-06-30,0.9618656365442023,1.024596655619845,0.0627310190756426
6672,Fifth Third Bank NA,2015-09-30,0.9305719349998789,0.8876615017807739,-0.04291043321910504
6672,Fifth Third Bank NA,2015-12-31,1.0074184757420064,0.8733057970566782,-0.13411267868532817
6672,Fifth Third Bank NA,2016-03-31,1.1771214304574895,0.9421060569534481,-0.23501537350404145
6672,Fifth Third Bank NA,2016-06-30,1.1375711393590104,1.0993294890501233,-0.038241650308887154
6672,Fifth Third Bank NA,2016-09-30,1.1454596478948185,1.0371187536977495,-0.10834089419706894
6672,Fifth Third Bank NA,2016-12-31,1.1678652187358438,1.0360390326591242,-0.1318261860767196
6672,Fifth Third Bank NA,2017-03-31,1.1692715810043446,1.0613876651276861,-0.10788391587665846
6672,Fifth Third Bank NA,2017-06-30,1.0752536957482066,1.081277638672797,0.0060239429245902976
6672,Fifth Third Bank NA,2017-09-30,0.9594757119352048,0.979612597926752,0.020136885991547282
6672,Fifth Third Bank NA,2017-12-31,0.9112863630545346,0.8534425651382538,-0.057843797916280804
6672,Fifth Third Bank NA,2018-03-31,0.9854904248222573,0.796815417507587,-0.18867500731467035
6672,Fifth Third Bank NA,2018-06-30,0.932651989564502,0.8749406616831474,-0.05771132788135458
6672,Fifth Third Bank NA,2018-09-30,0.7783557540164463,0.8457601662630292,0.06740441224658289
6672,Fifth Third Bank NA,2018-12-31,0.6879668887116553,0.7156784040193231,0.0277115153076678
6672,Fifth Third Bank NA,2019-03-31,0.7759010990407812,0.6443714642909113,-0.1315296347498699
6672,Fifth Third Bank NA,2019-06-30,0.859341540816857,0.7021454562217166,-0.15719608459514034
6672,Fifth Third Bank NA,2019-09-30,0.8235549560052053,0.7380668027528947,-0.08548815325231063
6672,Fifth Third Bank NA,2019-12-31,0.9276654193537215,0.6727004226278044,-0.2549649967259171
6672,Fifth Third Bank NA,2020-03-31,0.9111355395678153,0.7736139887020896,-0.1375215508657257
6672,Fifth Third Bank NA,2020-06-30,0.936929790382624,1.2243865304682062,0.2874567400855822
6672,Fifth Third Bank NA,2020-09-30,1.168806928925001,1.0825083573863288,-0.08629857153867215
6672,Fifth Third Bank NA,2020-12-31,1.1934929272897001,1.3638313032722245,0.17033837598252433
6672,Fifth Third Bank NA,2021-03-31,1.1361377974282765,0.8331686997942396,-0.3029690976340369
6672,Fifth Third Bank NA,2021-06-30,0.9516283342878455,1.0196298092816003,0.06800147499375475
6672,Fifth Third Bank NA,2021-09-30,0.8065650898747235,0.8026722548466683,-0.0038928350280552637
6672,Fifth Third Bank NA,2021-12-31,0.8546673586061627,0.6014031605853984,-0.2532641980207643
6672,Fifth Third Bank NA,2022-03-31,0.775192847495248,0.6759883986714257,-0.09920444882382229
6672,Fifth Third Bank NA,2022-06-30,0.7006718067061963,0.6109653433970832,-0.08970646330911314
6672,Fifth Third Bank NA,2022-09-30,0.6809337271356887,0.7014608223863992,0.020527095250710503
6672,Fifth Third Bank NA,2022-12-31,0.6361368982985254,0.6963095925586407,0.06017269426011529
6672,Fifth Third Bank NA,2023-03-31,0.6969215180697087,0.7060478912975117,0.009126373227802964
6672,Fifth Third Bank NA,2023-06-30,0.7072570725707257,0.7436306915993187,0.03637361902859304
6672,Fifth Third Bank NA,2023-09-30,0.6302698501208158,0.767159822681764,0.13688997256094815
6672,Fifth Third Bank NA,2023-12-31,0.7164541590771099,0.7432939397731351,0.026839780696025217
6672,Fifth Third Bank NA,2024-03-31,0.7641520968333537,0.8261844067625008,0.0620323099291471
6672,Fifth Third Bank NA,2024-06-30,0.6688322432877285,0.8497644220473657,0.18093217875963719
6672,Fifth Third Bank NA,2024-09-30,0.7592954990215264,0.8087615808349771,0.04946608181345069
6672,Fifth Third Bank NA,2024-12-31,0.8655222351137798,0.835334070896631,-0.03018816421714876
7213,Citibank NA,2005-09-30,1.2159699359038207,1.590827421941648,0.3748574860378273
7213,Citibank NA,2005-12-31,1.1320182252841815,1.281352100602552,0.1493338753183704
7213,Citibank NA,2006-03-31,0.9915866140840532,1.2130692286014741,0.2214826145174209
7213,Citibank NA,2006-06-30,0.9545844895989326,1.085852041099796,0.13126755150086344
7213,Citibank NA,2006-09-30,0.9698715753022931,1.0488302789828907,0.07895870368059765
7213,Citibank NA,2006-12-31,0.8651236295860587,1.0869009488321584,0.22177731924609967
7213,Citibank NA,2007-03-31,0.8900440950172123,0.9733074026407718,0.08326330762355949
7213,Citibank NA,2007-06-30,0.9002666869615128,0.9709838865069456,0.07071719954543276
7213,Citibank NA,2007-09-30,1.1254808691844134,1.0177412284379577,-0.1077396407464557
7213,Citibank NA,2007-12-31,1.6348387535055995,1.2385810002789355,-0.396257753226664
7213,Citibank NA,2008-03-31,1.8121377154278058,1.705604864488915,-0.10653285093889076
7213,Citibank NA,2008-06-30,2.434249644099661,1.86272468884743,-0.571524955252231
7213,Citibank NA,2008-09-30,2.848483363151402,2.529316534746502,-0.3191668284049003
7213,Citibank NA,2008-12-31,4.544353551256785,2.9445869330424816,-1.5997666182143035
7213,Citibank NA,2009-03-31,5.45940725003422,4.609984780936586,-0.8494224690976333
7213,Citibank NA,2009-06-30,5.983232372183184,5.518846621343703,-0.4643857508394813
7213,Citibank NA,2009-09-30,7.141830111686024,5.991240811261636,-1.1505893004243877
7213,Citibank NA,2009-12-31,7.180149353304496,7.0729647107962315,-0.10718464250826454
7213,Citibank NA,2010-03-31,6.225505283677029,7.070073886049494,0.8445686023724654
7213,Citibank NA,2010-06-30,5.952310263218166,6.144768218034796,0.19245795481662942
7213,Citibank NA,2010-09-30,5.605175977695342,5.895313285751749,0.2901373080564076
7213,Citibank NA,2010-12-31,5.137388096835896,5.52195792091435,0.3845698240784534
7213,Citibank NA,2011-03-31,4.085304715292308,5.06522278503848,0.979918069746172
7213,Citibank NA,2011-06-30,3.2173629414732083,4.116291916803219,0.8989289753300103
7213,Citibank NA,2011-09-30,3.0795395601277433,3.309352101332492,0.22981254120474848
7213,Citibank NA,2011-12-31,2.955461457842427,3.1072135824259877,0.15175212458356047
7213,Citibank NA,2012-03-31,3.067782180916494,2.97509082784271,-0.09269135307378384
7213,Citibank NA,2012-06-30,2.847714772052149,3.0332007391672136,0.18548596711506438
7213,Citibank NA,2012-09-30,2.97051636172319,2.819227767713679,-0.151288594009511
7213,Citibank NA,2012-12-31,2.821150946687414,2.919062017767145,0.09791107107973085
7213,Citibank NA,2013-03-31,2.656554447832659,2.7718373096715285,0.11528286183886971
7213,Citibank NA,2013-06-30,2.4360797545906006,2.617660444928079,0.1815806903374786
7213,Citibank NA,2013-09-30,2.3625942478932824,2.3792209712820918,0.016626723388809328
7213,Citibank NA,2013-12-31,2.191811435817646,2.3720582889561,0.180246853138454
7213,Citibank NA,2014-03-31,2.0966236191068925,2.1685587260658274,0.0719351069589349
7213,Citibank NA,2014-06-30,1.9118851467774676,2.060660054866418,0.14877490808895044
7213,Citibank NA,2014-09-30,1.8520252589140844,1.9110946239321482,0.05906936501806381
7213,Citibank NA,2014-12-31,1.73388467786528,1.775315039994515,0.0414303621292349
7213,Citibank NA,2015-03-31,1.588246695081429,1.646580023082888,0.05833332800145907
7213,Citibank NA,2015-06-30,1.4323608336103582,1.5122440286597298,0.07988319504937169
7213,Citibank NA,2015-09-30,1.462862067048424,1.3431978061516323,-0.11966426089679172
7213,Citibank NA,2015-12-31,1.4308105959483222,1.3868300482564357,-0.04398054769188642
7213,Citibank NA,2016-03-31,1.4905113726226291,1.3534411542641427,-0.13707021835848643
7213,Citibank NA,2016-06-30,1.439029701975106,1.407439290418154,-0.03159041155695186
7213,Citibank NA,2016-09-30,1.3837669360310072,1.3340322296212668,-0.049734706409740426
7213,Citibank NA,2016-12-31,1.4007614395517562,1.2736917819913494,-0.1270696575604069
7213,Citibank NA,2017-03-31,1.2906256673072816,1.2939627056777079,0.003337038370426315
7213,Citibank NA,2017-06-30,1.1709443115287255,1.2091822985975513,0.03823798706882586
7213,Citibank NA,2017-09-30,1.1262468107698886,1.0834348316053568,-0.04281197916453183
7213,Citibank NA,2017-12-31,1.0810966276048741,1.023966240821645,-0.057130386783229126
7213,Citibank NA,2018-03-31,0.9782568922644683,0.9701910256345332,-0.008065866629935137
7213,Citibank NA,2018-06-30,0.9190625371773011,0.8821795743670398,-0.03688296281026138
7213,Citibank NA,2018-09-30,0.8865287586694616,0.8470347269944236,-0.039494031675037955
7213,Citibank NA,2018-12-31,0.8572456331860729,0.8312140265451247,-0.02603160664094828
7213,Citibank NA,2019-03-31,0.8768880495817557,0.8172482975925448,-0.0596397519892109
7213,Citibank NA,2019-06-30,0.8387398399870772,0.8109377344284836,-0.027802105558593637
7213,Citibank NA,2019-09-30,0.8498343477925879,0.7327611172237309,-0.11707323056885699
7213,Citibank NA,2019-12-31,0.8926937854485577,0.7113876356547997,-0.18130614979375803
7213,Citibank NA,2020-03-31,0.8938651503419415,0.7548236556796051,-0.1390414946623364
7213,Citibank NA,2020-06-30,1.1454553472432214,1.2222069250977616,0.07675157785454023
7213,Citibank NA,2020-09-30,1.0472809136013521,1.2922141325826684,0.24493321898131626
7213,Citibank NA,2020-12-31,1.1126895071737304,1.2638189272306193,0.1511294200568889
7213,Citibank NA,2021-03-31,1.022380311913185,0.7713701302128348,-0.25101018170035005
7213,Citibank NA,2021-06-30,0.8962769671569096,0.9269073687922493,0.0306304016353397
7213,Citibank NA,2021-09-30,0.7904808666805154,0.7647577187318102,-0.025723147948705227
7213,Citibank NA,2021-12-31,0.7724800099755288,0.6003366453540417,-0.17214336462148705
7213,Citibank NA,2022-03-31,0.8380064753644896,0.6128911599815219,-0.2251153153829677
7213,Citibank NA,2022-06-30,0.728330172150768,0.6839360351582668,-0.044394136992501165
7213,Citibank NA,2022-09-30,0.758786838083827,0.7414420549173284,-0.017344783166498567
7213,Citibank NA,2022-12-31,0.6691842948564345,0.7833932329840105,0.11420893812757604
7213,Citibank NA,2023-03-31,0.7317271691356015,0.7510861539838827,0.019358984848281136
7213,Citibank NA,2023-06-30,0.6406251261311441,0.7903188883611876,0.1496937622300435
7213,Citibank NA,2023-09-30,0.8161369733107297,0.7186596676430355,-0.09747730566769419
7213,Citibank NA,2023-12-31,0.838671810018236,0.9317371948730271,0.0930653848547911
7213,Citibank NA,2024-03-31,0.8047633507331878,0.9548994298721489,0.1501360791389611
7213,Citibank NA,2024-06-30,0.690760259199564,0.9019005570349199,0.21114029783535593
7213,Citibank NA,2024-09-30,0.6802477978958621,0.8433654923264069,0.1631176944305448
7213,Citibank NA,2024-12-31,0.7671393703463404,0.7751830560781745,0.008043685731834116
9846,Truist Bank,2005-09-30,0.43138666827917455,0.507984699722221,0.0765980314430465
9846,Truist Bank,2005-12-31,0.4488320149681314,0.5299404946036148,0.0811084796354834
9846,Truist Bank,2006-03-31,0.420936727928534,0.5568079317580263,0.13587120382949236
9846,Truist Bank,2006-06-30,0.4011029276244573,0.5351940656871477,0.13409113806269035
9846,Truist Bank,2006-09-30,0.4222068776010332,0.5142829422501827,0.09207606464914947
9846,Truist Bank,2006-12-31,0.4214041283084929,0.5578121179831812,0.1364079896746883
9846,Truist Bank,2007-03-31,0.4295315735159594,0.5417600373674831,0.11222846385152374
9846,Truist Bank,2007-06-30,0.4725293313791318,0.5236780652355189,0.051148733856387074
9846,Truist Bank,2007-09-30,0.6115047413401749,0.6011914000185912,-0.01031334132158368
9846,Truist Bank,2007-12-31,0.7818912379778593,0.7411052943271255,-0.04078594365073385
9846,Truist Bank,2008-03-31,1.1197053678654711,0.8900407130826224,-0.2296646547828487
9846,Truist Bank,2008-06-30,1.3915535683161915,1.1977868796787725,-0.19376668863741897
9846,Truist Bank,2008-09-30,1.5962506285860358,1.5356936245421768,-0.060557004043859
9846,Truist Bank,2008-12-31,1.962325173317777,1.7543362469271928,-0.20798892639058408
9846,Truist Bank,2009-03-31,2.260314478021044,2.1718629046788007,-0.08845157334224307
9846,Truist Bank,2009-06-30,2.6657685964348836,2.501675713255442,-0.1640928831794417
9846,Truist Bank,2009-09-30,4.023781657363941,2.8629913581011635,-1.1607902992627772
9846,Truist Bank,2009-12-31,4.734941988050053,4.131845239389551,-0.6030967486605023
9846,Truist Bank,2010-03-31,5.074736080593753,4.760343917816044,-0.31439216277770843
9846,Truist Bank,2010-06-30,5.255208591841966,5.049730219987431,-0.205478371854535
9846,Truist Bank,2010-09-30,4.9455757219276375,5.225993814864013,0.2804180929363751
9846,Truist Bank,2010-12-31,4.649589687168428,4.8878295234525115,0.23823983628408385
9846,Truist Bank,2011-03-31,4.707939656308874,4.59231207183517,-0.11562758447370314
9846,Truist Bank,2011-06-30,3.901934886539932,4.685404309779288,0.7834694232393558
9846,Truist Bank,2011-09-30,3.5579346511172214,3.936585757784692,0.3786511066674705
9846,Truist Bank,2011-12-31,3.2619527640145183,3.540972280857951,0.27901951684343285
9846,Truist Bank,2012-03-31,3.182895740593249,3.2475361834170755,0.0646404428238263
9846,Truist Bank,2012-06-30,2.8188739340940345,3.126058518653527,0.30718458455949227
9846,Truist Bank,2012-09-30,2.569581892118188,2.7769997192398854,0.20741782712169732
9846,Truist Bank,2012-12-31,2.4254398449554597,2.5276638353097045,0.10222399035424479
9846,Truist Bank,2013-03-31,2.2271334677163286,2.3853407001112252,0.15820723239489665
9846,Truist Bank,2013-06-30,2.0892981659728758,2.199530714693421,0.11023254872054533
9846,Truist Bank,2013-09-30,1.9648786880016935,2.038639484144694,0.07376079614300046
9846,Truist Bank,2013-12-31,1.8834083186061972,1.9836807094875875,0.10027239088139028
9846,Truist Bank,2014-03-31,1.7780766762817697,1.8639913355516526,0.08591465926988295
9846,Truist Bank,2014-06-30,1.5659490138944192,1.746573767366674,0.1806247534722547
9846,Truist Bank,2014-09-30,1.4637897487163227,1.5713065067077148,0.10751675799139204
9846,Truist Bank,2014-12-31,1.290939792573721,1.39583347470156,0.104893682127839
9846,Truist Bank,2015-03-31,1.1135674574199628,1.2157595521840685,0.10219209476410573
9846,Truist Bank,2015-06-30,1.0227315503650165,1.051644257266458,0.028912706901441432
9846,Truist Bank,2015-09-30,1.0312664814860004,0.9436404696922192,-0.08762601179378127
9846,Truist Bank,2015-12-31,0.9041480902400945,0.9666596830568277,0.06251159281673324
9846,Truist Bank,2016-03-31,1.0162880032443327,0.8440606375824893,-0.17222736566184338
9846,Truist Bank,2016-06-30,0.9694051636572532,0.9472673027222509,-0.02213786093500225
9846,Truist Bank,2016-09-30,0.9424785963428512,0.8781757537239288,-0.0643028426189225
9846,Truist Bank,2016-12-31,0.9341938147305568,0.8444258022235127,-0.08976801250704414
9846,Truist Bank,2017-03-31,0.8699639256236579,0.8409748166209421,-0.028989109002715785
9846,Truist Bank,2017-06-30,0.7513421931185348,0.7992721781519836,0.04792998503344881
9846,Truist Bank,2017-09-30,0.7542380825335477,0.674519054434946,-0.07971902809860176
9846,Truist Bank,2017-12-31,0.7572053155381695,0.6597117773915069,-0.09749353814666262
9846,Truist Bank,2018-03-31,0.7406069364161849,0.6510896183761357,-0.08951731804004925
9846,Truist Bank,2018-06-30,0.6575651744452676,0.6440064694083558,-0.013558705036911811
9846,Truist Bank,2018-09-30,0.6390703402005676,0.5864833775602643,-0.05258696264030338
9846,Truist Bank,2018-12-31,0.6352131454219282,0.5838367269533484,-0.051376418468579765
9846,Truist Bank,2019-03-31,0.6183838172099361,0.5937305184971078,-0.024653298712828287
9846,Truist Bank,2019-06-30,0.5453245736460497,0.5531951181733381,0.007870544527288414
9846,Truist Bank,2019-09-30,0.541029207232267,0.44225822406036885,-0.09877098317189814
9846,Truist Bank,2019-12-31,0.8195365881084514,0.4064429891634965,-0.4130935989449549
9846,Truist Bank,2020-03-31,0.8687785678009142,0.6710094368793009,-0.1977691309216133
9846,Truist Bank,2020-06-30,0.7054724644376431,1.1835018443812808,0.4780293799436377
9846,Truist Bank,2020-09-30,0.7892232034265771,0.8641731846773284,0.07494998125075125
9846,Truist Bank,2020-12-31,1.1086384649932968,1.0064953243691694,-0.10214314062412733
9846,Truist Bank,2021-03-31,1.1297845664412653,0.752404657545054,-0.3773799088962113
9846,Truist Bank,2021-06-30,1.1196872708112304,1.0125307887444601,-0.10715648206677031
9846,Truist Bank,2021-09-30,1.0409921624825293,0.9592404264311507,-0.08175173605137864
9846,Truist Bank,2021-12-31,1.0212198815147688,0.8202507398186358,-0.200969141696133
9846,Truist Bank,2022-03-31,1.0043456593936986,0.8311429619622668,-0.1732026974314318
9846,Truist Bank,2022-06-30,0.9313259640874306,0.8248635922416243,-0.10646237184580631
9846,Truist Bank,2022-09-30,0.8980596714368304,0.916767923623977,0.018708252187146557
9846,Truist Bank,2022-12-31,0.8651049555367647,0.898921910623423,0.033816955086658274
9846,Truist Bank,2023-03-31,0.7850191411835248,0.9197727676251022,0.1347536264415774
9846,Truist Bank,2023-06-30,0.684768444266239,0.8251637103563982,0.1403952660901593
9846,Truist Bank,2023-09-30,0.6726967101576883,0.7449194550103386,0.07222274485265034
9846,Truist Bank,2023-12-31,0.6371140839499129,0.781969824985276,0.14485574103536314
9846,Truist Bank,2024-03-31,0.6435167498781468,0.7505950279392586,0.10707827806111181
9846,Truist Bank,2024-06-30,0.6319272125723738,0.7354238409171703,0.10349662834479645
9846,Truist Bank,2024-09-30,0.6645960658584644,0.772992959161769,0.1083968933033046
9846,Truist Bank,2024-12-31,0.6660081467067945,0.7453315749244898,0.07932342821769522
12368,Regions Bank,2005-09-30,0.9399114279986723,0.9151781180751816,-0.024733309923490765
12368,Regions Bank,2005-12-31,0.9876290437203065,1.0311201949668272,0.0434911512465207
12368,Regions Bank,2006-03-31,0.9257917679917864,1.0863949235530894,0.160603155561303
12368,Regions Bank,2006-06-30,0.7621651672201337,1.0329301260762427,0.27076495885610896
12368,Regions Bank,2006-09-30,0.791353948277667,0.8770848163622215,0.08573086808455443
12368,Regions Bank,2006-12-31,0.6249003983416537,0.9282007426108861,0.30330034426923247
12368,Regions Bank,2007-03-31,0.6695256659948574,0.7567030769708526,0.08717741097599518
12368,Regions Bank,2007-06-30,0.8110830575905894,0.7728704132645249,-0.03821264432606453
12368,Regions Bank,2007-09-30,0.9773458081465187,0.9428714382116569,-0.03447436993486186
12368,Regions Bank,2007-12-31,1.2431334616122982,1.1083915874012633,-0.1347418742110349
12368,Regions Bank,2008-03-31,1.6367303908093385,1.3468508030689117,-0.28987958774042677
12368,Regions Bank,2008-06-30,2.019015508967916,1.706943169256406,-0.3120723397115097
12368,Regions Bank,2008-09-30,2.0624171269842977,2.1484831668097883,0.08606603982549066
12368,Regions Bank,2008-12-31,2.0999014207772912,2.215767242870529,0.11586582209323781
12368,Regions Bank,2009-03-31,2.946219579945475,2.324947043305095,-0.62127253664038
12368,Regions Bank,2009-06-30,3.77290601840999,3.169307920692299,-0.6035980977176907
12368,Regions Bank,2009-09-30,4.652019542326513,3.925905110614061,-0.7261144317124515
12368,Regions Bank,2009-12-31,5.0851337026578936,4.745362922522631,-0.33977078013526274
12368,Regions Bank,2010-03-31,5.468621185298957,5.1129449651908025,-0.3556762201081547
12368,Regions Bank,2010-06-30,5.229743862405715,5.4433328475477225,0.21358898514200764
12368,Regions Bank,2010-09-30,5.331149135844837,5.226081409326002,-0.10506772651883445
12368,Regions Bank,2010-12-31,5.063695762744058,5.273632516890518,0.20993675414645985
12368,Regions Bank,2011-03-31,5.088888684790434,5.004889920973043,-0.08399876381739091
12368,Regions Bank,2011-06-30,4.683874594363296,5.066867811366795,0.38299321700349953
12368,Regions Bank,2011-09-30,4.563162793484548,4.6943361864348025,0.13117339295025499
12368,Regions Bank,2011-12-31,4.2605153981519095,4.508255058292527,0.24773966014061788
12368,Regions Bank,2012-03-31,3.7975850512128826,4.20856409324907,0.4109790420361872
12368,Regions Bank,2012-06-30,3.4116024054398375,3.726862311743198,0.31525990630336054
12368,Regions Bank,2012-09-30,3.3259929327931017,3.357195610072004,0.031202677278902247
12368,Regions Bank,2012-12-31,3.1123870010382935,3.261458336283237,0.14907133524494354
12368,Regions Bank,2013-03-31,2.963726161363455,3.053950764085152,0.09022460272169708
12368,Regions Bank,2013-06-30,2.6601224873263307,2.9147278135657695,0.25460532623943877
12368,Regions Bank,2013-09-30,2.35208871886092,2.5982806695555585,0.24619195069463862
12368,Regions Bank,2013-12-31,2.053022800866378,2.371019493136241,0.31799669226986316
12368,Regions Bank,2014-03-31,1.9533597034679056,2.0471399358792546,0.09378023241134903
12368,Regions Bank,2014-06-30,1.6606799956099167,1.935041691710996,0.2743616961010793
12368,Regions Bank,2014-09-30,1.620304007195656,1.6841849392750552,0.06388093207939916
12368,Regions Bank,2014-12-31,1.5824478737999759,1.566688914104776,-0.015758959695199914
12368,Regions Bank,2015-03-31,1.4930283951557417,1.5132922769976371,0.020263881841895426
12368,Regions Bank,2015-06-30,1.35412241499858,1.4317113446160104,0.07758892961743036
12368,Regions Bank,2015-09-30,1.4123809095354947,1.278598927282602,-0.13378198225289273
12368,Regions Bank,2015-12-31,1.4158212039989935,1.3482783944742933,-0.06754280952470015
12368,Regions Bank,2016-03-31,1.6341990601345648,1.348194731969862,-0.2860043281647029
12368,Regions Bank,2016-06-30,1.6352246530727657,1.5510943606068262,-0.0841302924659395
12368,Regions Bank,2016-09-30,1.7059556805825622,1.5269597589493111,-0.17899592163325106
12368,Regions Bank,2016-12-31,1.6192086204325093,1.584851030434527,-0.03435758999798244
12368,Regions Bank,2017-03-31,1.6105028431859256,1.507771576135963,-0.10273126704996272
12368,Regions Bank,2017-06-30,1.3326676819820666,1.5181723867149786,0.18550470473291192
12368,Regions Bank,2017-09-30,1.2842967597286992,1.244014464037312,-0.04028229569138708
12368,Regions Bank,2017-12-31,1.2069626678907384,1.1810987594996063,-0.025863908391132062
12368,Regions Bank,2018-03-31,1.100149376719955,1.0971223832399106,-0.0030269934800444265
12368,Regions Bank,2018-06-30,1.0465357393017658,1.00538217419835,-0.041153565103415835
12368,Regions Bank,2018-09-30,0.9524753224600391,0.9754742343416655,0.022998911881626394
12368,Regions Bank,2018-12-31,0.8873450243052398,0.9019173548142086,0.01457233050896889
12368,Regions Bank,2019-03-31,0.9047023064544966,0.8543128827602965,-0.050389423694200075
12368,Regions Bank,2019-06-30,0.9073646764734161,0.8458579651565644,-0.0615067113168517
12368,Regions Bank,2019-09-30,0.8306554295761838,0.8059777183802993,-0.024677711195884466
12368,Regions Bank,2019-12-31,0.8993001414221997,0.7022097903970886,-0.19709035102511108
12368,Regions Bank,2020-03-31,0.9770266701874836,0.7698425364015734,-0.20718413378591016
12368,Regions Bank,2020-06-30,0.9382268742172123,1.3090646510802117,0.37083777686299946
12368,Regions Bank,2020-09-30,1.1183810975260402,1.1065718636856223,-0.011809233840417876
12368,Regions Bank,2020-12-31,1.1435697730508134,1.3393583775928541,0.19578860454204072
12368,Regions Bank,2021-03-31,1.1274626157132686,0.8091674829440604,-0.3182951327692082
12368,Regions Bank,2021-06-30,1.1272622946900326,1.0343354093929764,-0.09292688529705617
12368,Regions Bank,2021-09-30,0.846955912380538,0.9903323007587846,0.14337638837824662
12368,Regions Bank,2021-12-31,0.7480382610687898,0.6621519654460709,-0.08588629562271888
12368,Regions Bank,2022-03-31,0.5688680203618633,0.5987747101872479,0.02990668982538458
12368,Regions Bank,2022-06-30,0.5473743306270513,0.44019786011517026,-0.10717647051188106
12368,Regions Bank,2022-09-30,0.6680282529146456,0.5804538447881143,-0.08757440812653128
12368,Regions Bank,2022-12-31,0.7415287381496198,0.7070455149451264,-0.034483223204493485
12368,Regions Bank,2023-03-31,0.7340753019180677,0.8277932088774974,0.09371790695942972
12368,Regions Bank,2023-06-30,0.659783737552691,0.8013418813932368,0.14155814384054577
12368,Regions Bank,2023-09-30,0.8248834737100336,0.7454574995315241,-0.0794259741785095
12368,Regions Bank,2023-12-31,1.0423311999670735,0.9487643725726816,-0.09356682739439182
12368,Regions Bank,2024-03-31,1.1502065143514404,1.1548315378656295,0.004625023514189142
12368,Regions Bank,2024-06-30,1.0920744228495571,1.2348815942179168,0.14280717136835963
12368,Regions Bank,2024-09-30,1.1045162908315742,1.2287754960588684,0.12425920522729417
12368,Regions Bank,2024-12-31,1.200689691206437,1.1821332463403675,-0.018556444866069555
17534,KeyBank NA,2005-09-30,0.6819848764499471,0.6142655649436525,-0.06771931150629462
17534,KeyBank NA,2005-12-31,0.5469783412111099,0.7514470619238117,0.20446872071270183
17534,KeyBank NA,2006-03-31,0.5906846806156962,0.6352546896340691,0.044570009018372825
17534,KeyBank NA,2006-06-30,0.574475788465827,0.6808313029817913,0.10635551451596426
17534,KeyBank NA,2006-09-30,0.5731475311006841,0.6633217687101151,0.090174237609431
17534,KeyBank NA,2006-12-31,0.5019540434351561,0.6858007135955994,0.1838466701604432
17534,KeyBank NA,2007-03-31,0.5909298741851656,0.6036944426941925,0.012764568509026852
17534,KeyBank NA,2007-06-30,0.6619886215254629,0.6614800458477982,-0.0005085756776647132
17534,KeyBank NA,2007-09-30,0.9618783039992884,0.7653256223628105,-0.19655268163647788
17534,KeyBank NA,2007-12-31,1.277983303125019,1.0562403759026306,-0.2217429272223883
17534,KeyBank NA,2008-03-31,1.7606259143166731,1.3419170466178834,-0.4187088676987898
17534,KeyBank NA,2008-06-30,2.0044051665647946,1.785569275346187,-0.2188358912186077
17534,KeyBank NA,2008-09-30,1.9144425776589429,2.097136310063779,0.1826937324048361
17534,KeyBank NA,2008-12-31,2.313701099029321,2.039272321123906,-0.2744287779054151
17534,KeyBank NA,2009-03-31,3.129374495613931,2.4879385969273997,-0.6414358986865314
17534,KeyBank NA,2009-06-30,4.220069766305117,3.303542637467265,-0.9165271288378518
17534,KeyBank NA,2009-09-30,4.6953637389467975,4.307883920491203,-0.38747981845559476
17534,KeyBank NA,2009-12-31,4.11584758286981,4.748400211149384,0.6325526282795746
17534,KeyBank NA,2010-03-31,4.713517664185023,4.16573685001619,-0.5477808141688332
17534,KeyBank NA,2010-06-30,3.9261373169004874,4.697112226690104,0.7709749097896164
17534,KeyBank NA,2010-09-30,3.2624652658693964,3.9651492797831316,0.7026840139137351
17534,KeyBank NA,2010-12-31,2.685101785679129,3.294757028008916,0.609655242329787
17534,KeyBank NA,2011-03-31,2.2490754350836273,2.7351968947517675,0.48612145966814024
17534,KeyBank NA,2011-06-30,2.0468268707269432,2.3643697556387697,0.3175428849118265
17534,KeyBank NA,2011-09-30,1.87463308538674,2.182111921719877,0.3074788363331369
17534,KeyBank NA,2011-12-31,1.8401103384005209,1.9477204493973255,0.10761011099680462
17534,KeyBank NA,2012-03-31,1.750993372072926,1.8996358313183936,0.1486424592454676
17534,KeyBank NA,2012-06-30,1.5885406543849532,1.768717984531512,0.1801773301465588
17534,KeyBank NA,2012-09-30,1.4310032319672334,1.6088102475417898,0.17780701557455636
17534,KeyBank NA,2012-12-31,1.3657649337182074,1.4455762747433027,0.07981134102509535
17534,KeyBank NA,2013-03-31,1.4220216776628303,1.3772958810399403,-0.04472579662289
17534,KeyBank NA,2013-06-30,1.3992338955504269,1.430366197705292,0.031132302154865066
17534,KeyBank NA,2013-09-30,1.2326142909653417,1.3774347773426787,0.14482048637733702
17534,KeyBank NA,2013-12-31,1.0802298901528138,1.2828756907998615,0.20264580064704774
17534,KeyBank NA,2014-03-31,1.0095673929923648,1.096641071943682,0.08707367895131735
17534,KeyBank NA,2014-06-30,0.8934330082148292,1.0117567938567524,0.11832378564192325
17534,KeyBank NA,2014-09-30,0.8458982207671775,0.9265689722255398,0.08067075145836233
17534,KeyBank NA,2014-12-31,0.8838255587301641,0.802355178716717,-0.08147038001344709
17534,KeyBank NA,2015-03-31,0.9393501786221109,0.8200732358625641,-0.11927694275954681
17534,KeyBank NA,2015-06-30,0.8403277986203418,0.8745068600376212,0.034179061417279444
17534,KeyBank NA,2015-09-30,0.7653014440185153,0.7588209419118753,-0.006480502106639974
17534,KeyBank NA,2015-12-31,0.7610251773568252,0.7034268129074098,-0.05759836444941535
17534,KeyBank NA,2016-03-31,1.2318811190316676,0.6961019819098496,-0.535779137121818
17534,KeyBank NA,2016-06-30,1.1121939992527126,1.1359253293578435,0.023731330105130954
17534,KeyBank NA,2016-09-30,0.9764664655130363,0.9985147388412178,0.02204827332818149
17534,KeyBank NA,2016-12-31,0.883667759514855,0.862666700211174,-0.021001059303681013
17534,KeyBank NA,2017-03-31,0.8360481675565434,0.7799084225953171,-0.05613974496122631
17534,KeyBank NA,2017-06-30,0.799499331337188,0.7537927740332012,-0.04570655730398676
17534,KeyBank NA,2017-09-30,0.8073939218973224,0.7060562981574333,-0.10133762373988908
17534,KeyBank NA,2017-12-31,0.7702045625305691,0.6959397682812091,-0.07426479424936006
17534,KeyBank NA,2018-03-31,0.7949081078581033,0.6496349360188364,-0.1452731718392669
17534,KeyBank NA,2018-06-30,0.8202481706509779,0.6813092321328008,-0.13893893851817707
17534,KeyBank NA,2018-09-30,0.8905831013265167,0.725490907729046,-0.16509219359747074
17534,KeyBank NA,2018-12-31,0.7986972927265015,0.8062015045484182,0.00750421182191674
17534,KeyBank NA,2019-03-31,0.8140326167942844,0.7334898434098441,-0.08054277338444027
17534,KeyBank NA,2019-06-30,0.7530974091100732,0.7231375340902347,-0.029959875019838433
17534,KeyBank NA,2019-09-30,0.8303230283583275,0.6235777528125267,-0.2067452755458008
17534,KeyBank NA,2019-12-31,0.8594559896110023,0.6642612565801881,-0.19519473303081425
17534,KeyBank NA,2020-03-31,0.82632077517623,0.6948164444777446,-0.13150433069848544
17534,KeyBank NA,2020-06-30,0.865853599492419,1.1300066531130155,0.2641530536205965
17534,KeyBank NA,2020-09-30,0.93355818928198,1.0010206639929788,0.06746247471099887
17534,KeyBank NA,2020-12-31,0.9022508670961696,1.1282852063777429,0.22603433928157324
17534,KeyBank NA,2021-03-31,0.8601296223082873,0.545078851607168,-0.3150507707011193
17534,KeyBank NA,2021-06-30,0.8011528397520498,0.7458353352687038,-0.055317504483345936
17534,KeyBank NA,2021-09-30,0.6824617710782221,0.6466767947671935,-0.035784976311028616
17534,KeyBank NA,2021-12-31,0.5357434629982886,0.4701551709089332,-0.06558829208935535
17534,KeyBank NA,2022-03-31,0.4846200492595264,0.36192210434696814,-0.12269794491255825
17534,KeyBank NA,2022-06-30,0.448738351711769,0.32350352608074695,-0.12523482563102206
17534,KeyBank NA,2022-09-30,0.40016848512912284,0.450257902049537,0.05008941692041413
17534,KeyBank NA,2022-12-31,0.39865378426872644,0.41805111932381855,0.019397335055092113
17534,KeyBank NA,2023-03-31,0.4159363935400105,0.468405072670525,0.052468679130514506
17534,KeyBank NA,2023-06-30,0.44562791486876835,0.46516588209982324,0.019537967231054887
17534,KeyBank NA,2023-09-30,0.4490782830516845,0.5068585208475623,0.05778023779587782
17534,KeyBank NA,2023-12-31,0.617857238507832,0.5584747260743178,-0.05938251243351422
17534,KeyBank NA,2024-03-31,0.721796115578753,0.718871447758347,-0.002924667820406013
17534,KeyBank NA,2024-06-30,0.9065806341614852,0.7952275781004777,-0.11135305606100743
17534,KeyBank NA,2024-09-30,0.9584707066926131,1.017072775196573,0.05860206850395977
17534,KeyBank NA,2024-12-31,0.8989479539836457,1.00744845240916,0.10850049842551435
57957,Citizens Bank NA,2005-09-30,0.7529983662042251,0.8353755506450133,0.08237718444078823
57957,Citizens Bank NA,2005-12-31,0.8095112167403344,0.8258053211215506,0.016294104381216146
57957,Citizens Bank NA,2006-03-31,0.7952515750568989,0.889333438256807,0.09408186319990808
57957,Citizens Bank NA,2006-06-30,0.7799672148587289,0.8805151690761293,0.10054795421740037
57957,Citizens Bank NA,2006-09-30,0.707174017448986,0.8638732093018131,0.1566991918528271
57957,Citizens Bank NA,2006-12-31,0.6713678521080252,0.8192899403567022,0.14792208824867703
57957,Citizens Bank NA,2007-03-31,0.6027999855356206,0.7703908921177822,0.16759090658216158
57957,Citizens Bank NA,2007-06-30,0.5808212055585307,0.6803385608813957,0.09951735532286499
57957,Citizens Bank NA,2007-09-30,0.4218400053386819,0.6968783543462211,0.27503834900753926
57957,Citizens Bank NA,2007-12-31,0.5983544416720767,0.5571917915394189,-0.04116265013265785
57957,Citizens Bank NA,2008-03-31,0.6462398664378145,0.7118776272400398,0.06563776080222528
57957,Citizens Bank NA,2008-06-30,0.7120367549749368,0.7475566682445844,0.03551991326964765
57957,Citizens Bank NA,2008-09-30,0.8404047269478531,0.8921062630005281,0.05170153605267502
57957,Citizens Bank NA,2008-12-31,1.0787550641965784,1.039122187907474,-0.0396328762891045
57957,Citizens Bank NA,2009-03-31,1.468423451903688,1.336793317784522,-0.13163013411916613
57957,Citizens Bank NA,2009-06-30,1.7872247752025516,1.7526371545039088,-0.03458762069864285
57957,Citizens Bank NA,2009-09-30,2.0574343014495624,2.032638405586861,-0.024795895862701478
57957,Citizens Bank NA,2009-12-31,2.3861534861757283,2.280704846166593,-0.10544864000913545
57957,Citizens Bank NA,2010-03-31,2.4096983932197937,2.550323353533294,0.14062496031350014
57957,Citizens Bank NA,2010-06-30,2.5278915796363117,2.54294357028584,0.015051990649528335
57957,Citizens Bank NA,2010-09-30,2.4420090492559656,2.6607646701924157,0.21875562093645007
57957,Citizens Bank NA,2010-12-31,2.5666888974146915,2.5325661760674136,-0.034122721347277896
57957,Citizens Bank NA,2011-03-31,2.335546956693244,2.631798728772093,0.2962517720788491
57957,Citizens Bank NA,2011-06-30,2.2771248100399974,2.453233726826695,0.17610891678669738
57957,Citizens Bank NA,2011-09-30,2.1176641282454707,2.405941625370419,0.2882774971249482
57957,Citizens Bank NA,2011-12-31,1.9888259778723545,2.183498810839707,0.1946728329673526
57957,Citizens Bank NA,2012-03-31,1.8075769088528753,2.046909259495546,0.23933235064267055
57957,Citizens Bank NA,2012-06-30,1.864019460731405,1.82953527397085,-0.03448418676055498
57957,Citizens Bank NA,2012-09-30,2.0956300846201943,1.875037369620927,-0.22059271499926725
57957,Citizens Bank NA,2012-12-31,2.162603555984762,2.0769772775656237,-0.08562627841913839
57957,Citizens Bank NA,2013-03-31,2.143718898026668,2.1327635095281448,-0.010955388498523178
57957,Citizens Bank NA,2013-06-30,2.1130002707103874,2.115321645552389,0.0023213748420016778
57957,Citizens Bank NA,2013-09-30,2.018311986899448,2.0549479739741754,0.03663598707472726
57957,Citizens Bank NA,2013-12-31,1.6619383680604647,2.0278887497675253,0.3659503817070606
57957,Citizens Bank NA,2014-03-31,1.5834334358734388,1.650232035686909,0.06679859981347014
57957,Citizens Bank NA,2014-06-30,1.4178733427899808,1.557988469893635,0.14011512710365426
57957,Citizens Bank NA,2014-09-30,1.2971643534105517,1.4264198996453832,0.1292555462348315
57957,Citizens Bank NA,2014-12-31,1.2776728375879132,1.233539932572719,-0.04413290501519418
57957,Citizens Bank NA,2015-03-31,1.2744482983902825,1.1973765277306851,-0.07707177065959736
57957,Citizens Bank NA,2015-06-30,1.166737835931306,1.1966803404656976,0.029942504534391512
57957,Citizens Bank NA,2015-09-30,1.1388384250337271,1.072841584834464,-0.06599684019926322
57957,Citizens Bank NA,2015-12-31,1.1546798846734272,1.0616710593746774,-0.09300882529874976
57957,Citizens Bank NA,2016-03-31,1.2859395447219737,1.0732245659530983,-0.21271497876887535
57957,Citizens Bank NA,2016-06-30,1.1477077751445413,1.1943730717194958,0.04666529657495455
57957,Citizens Bank NA,2016-09-30,1.0430332148240666,1.039560307921498,-0.00347290690256874
57957,Citizens Bank NA,2016-12-31,0.9853363729808615,0.9328521684114235,-0.05248420456943803
57957,Citizens Bank NA,2017-03-31,0.9890391470002144,0.8830332414526079,-0.10600590554760658
57957,Citizens Bank NA,2017-06-30,0.9556352310499805,0.9050781521708642,-0.05055707887911631
57957,Citizens Bank NA,2017-09-30,0.8473308795629431,0.8602928480925733,0.012961968529630274
57957,Citizens Bank NA,2017-12-31,0.8148763540769723,0.7411360210637423,-0.07374033301323002
57957,Citizens Bank NA,2018-03-31,0.8190439959075183,0.6992743247218256,-0.1197696711856927
57957,Citizens Bank NA,2018-06-30,0.7773984088969287,0.7116778686227465,-0.06572054027418217
57957,Citizens Bank NA,2018-09-30,0.829684868594175,0.6930006658949104,-0.13668420269926462
57957,Citizens Bank NA,2018-12-31,0.8020118346084928,0.7567747002641332,-0.04523713434435961
57957,Citizens Bank NA,2019-03-31,0.7939072404121016,0.7443198702256029,-0.049587370186498725
57957,Citizens Bank NA,2019-06-30,0.7897866764633557,0.7119717009805153,-0.07781497548284033
57957,Citizens Bank NA,2019-09-30,0.8272575517674043,0.6657263950877867,-0.1615311566796176
57957,Citizens Bank NA,2019-12-31,0.7998528049719091,0.6691043174402387,-0.13074848753167045
57957,Citizens Bank NA,2020-03-31,0.8187839404716899,0.6466049045188216,-0.17217903595286832
57957,Citizens Bank NA,2020-06-30,1.3505874390644823,1.1306538219210835,-0.21993361714339876
57957,Citizens Bank NA,2020-09-30,1.793452334767955,1.463611286475901,-0.32984104829205396
57957,Citizens Bank NA,2020-12-31,1.770885983671166,1.9429237091254348,0.17203772545426887
57957,Citizens Bank NA,2021-03-31,1.7110211817196606,1.3679198221928397,-0.34310135952682086
57957,Citizens Bank NA,2021-06-30,0.8883213845297123,1.5520258724547298,0.6637044879250175
57957,Citizens Bank NA,2021-09-30,0.9358776722005154,0.7361948477567848,-0.19968282444373064
57957,Citizens Bank NA,2021-12-31,1.0082493062054438,0.7156786127367012,-0.29257069346874265
57957,Citizens Bank NA,2022-03-31,1.2520893548105236,0.813038058182139,-0.4390512966283846
57957,Citizens Bank NA,2022-06-30,1.0503688813141836,1.0514111874520964,0.0010423061379127851
57957,Citizens Bank NA,2022-09-30,0.9404817928157885,1.0225435836483254,0.08206179083253695
57957,Citizens Bank NA,2022-12-31,0.9752028358043809,0.9327971367873575,-0.0424056990170234
57957,Citizens Bank NA,2023-03-31,1.0527335588116118,1.0171544657864473,-0.03557909302516449
57957,Citizens Bank NA,2023-06-30,1.1369840250198155,1.0704516955041914,-0.06653232951562416
57957,Citizens Bank NA,2023-09-30,1.2101926714688187,1.1633420771674583,-0.046850594301360404
57957,Citizens Bank NA,2023-12-31,1.360450643482695,1.2804189764158551,-0.08003166706683995
57957,Citizens Bank NA,2024-03-31,1.4608656079113251,1.4234357331662624,-0.03742987474506276
57957,Citizens Bank NA,2024-06-30,1.5098565855067891,1.4964850478447942,-0.013371537661994948
57957,Citizens Bank NA,2024-09-30,1.5458761622159718,1.590902509371272,0.045026347155300295
57957,Citizens Bank NA,2024-12-31,1.5750299488465094,1.5663854212118506,-0.008644527634658727
